close_date,MXWDU_Index,HDB_US_Equity,NTES_US_Equity,BAP_US_EQUITY,NVO_US_Equity,ACN_US_Equity,6861_JT_Equity,MELI_US_Equity,AIR_FP_Equity,TSM_US_Equity,ASML_US_Equity,ABEV_US_EQUITY,BAX_US_EQUITY,KER_FP_Equity,MC_FP_Equity,ADS_GR_Equity,NESN_SW_Equity,UBI_FP_Equity,ITUB_US_Equity,BRFS_US_Equity,CHKP_US_EQUITY,AZN_US_Equity,BBD_US_Equity,UL_US_Equity,PA1_COMB_Comdty,GC1_Comdty,BAYN_GR_Equity,DEO_US_Equity,DG_FP_Equity,RIO_US_Equity,LRLCY_US_Equity,NVS_US_Equity,SNY_US_Equity,GSK_US_Equity,RY_US_Equity,TTM_US_Equity,IBE_SM_Equity,SAP_US_Equity,BIDU_US_EQUITY,EWL_US_EQUITY,EEM_US_EQUITY,BRK/B_US_Equity,CRH_US_EQUITY,VALE_US_Equity,EWM_US_EQUITY,EWS_US_EQUITY,EWH_US_EQUITY,EWZ_US_EQUITY,EWA_US_EQUITY,TM_US_Equity,EWN_US_EQUITY,EWC_US_EQUITY,SLV_US_EQUITY,EWY_US_EQUITY,EWG_US_EQUITY,EWQ_US_EQUITY,EZA_US_EQUITY,VGK_US_EQUITY,ECH_US_EQUITY,EWT_US_Equity,SIEGY_US_Equity,SNE_US_Equity,EWJ_US_EQUITY,EWU_US_EQUITY,EWI_US_EQUITY,TOT_US_Equity,EWP_US_EQUITY,HMC_US_Equity,SAN_US_Equity,TEVA_US_Equity,MUFG_US_Equity
30/11/2007,339.05,12.4521,17.672,54.2589,9.9588,27.164,5148.5,41.0952,18.4493,6.2326,30.2859,1.9476,25.7033,74.6,57.76,37.747,37.3898,29.755,5.4405,10.4595,22.82,13.4062,5.1415,24.1534,348.65,782.2,39.812,63.73,33.9563,59.514,22.1708,32.2766,28.78,27.8777,33.1005,16.652,5.8276,42.3886,38.196,20.8448,39.55,93.8,24.0302,21.5476,23.598,17.3417,15.2624,54.8364,17.1304,83.1978,22.1188,24.5429,13.9,55.0644,26.1692,27.0109,42.8674,47.478,40.8128,21.7555,49.782,48.2115,46.15,30.741,45.8635,41.9211,37.7542,25.523,8.7309,35.6458,7.0055
31/12/2007,333.92,12.0781,16.53,58.1536,10.137,28.3194,5510.2,71.5895,18.3568,6.2578,27.2704,1.8496,25.0131,71.34,57.58,42.532,35.806,34.735,5.1098,10.7882,21.96,12.1159,5.1193,24.7689,378.2,838,44.052,60.388,31.8479,53.4567,22.725,31.0145,27.6096,26.6658,31.6732,16.8215,5.3777,42.2479,38.98,20.0161,38.994,94.72,22.0747,20.3575,24.841,17.2763,15.0242,55.4804,16.3174,78.5515,22.1611,25.0091,14.697,54.0155,26.4292,26.5792,40.4012,46.494,40.1592,21.0933,51.6156,48.5063,44.04,29.9,44.6665,42.7915,36.0787,24.7305,8.7798,37.1234,6.6763
31/01/2008,301.34,11.0466,15.754,54.6629,9.8072,27.2112,4522.9,35.882,14.3289,5.8117,23.1742,1.8494,26.0946,60.89,47.72,35.542,33.2583,30.165,4.6013,10.0151,21.3,11.9122,4.4106,21.7109,394.5,922.7,38.887,56.8279,28.5594,51.8081,19.3994,29.0044,24.7959,25.073,31.5942,16.5004,5.3228,39.4838,27.995,19.2306,35.515,91,24.4796,18.7,25.505,15.2593,13.702,52.5861,15.219,80.1422,19.9615,23.5765,16.818,47.2949,23.2673,23.7627,36.4359,42.3181,39.4481,19.2127,43.4172,42.4318,42.15,27.516,41.2223,37.7042,32.4453,23.5365,7.2144,36.7719,7.0627
29/02/2008,309.51,10.1022,18.701,56.6521,10.6855,27.7063,4922.6,35.0293,14.6569,6.1196,20.9866,2.1217,25.431,58.88,47.52,35.033,34.3944,27.95,5.1064,10.5585,21.92,11.0086,5.1263,20.8372,571.95,975,35.905,57.7636,28.8989,58.2835,18.6076,28.9514,22.4915,23.5721,31.4186,15.6263,5.0196,39.2355,25.133,19.5849,36.223,93.49,23.7961,21.7096,24.451,15.2217,12.647,57.426,15.0265,80.3124,20.0604,24.9235,19.668,47.537,23.1032,23.7137,36.8024,42.1939,40.4982,21.6547,42.6193,42.1728,41.52,27.193,40.4358,39.0563,32.536,22.835,7.3215,39.2937,6.3042
31/03/2008,301.55,9.0958,16.748,54.6781,10.9734,27.6435,4587.1,38.5273,12.6219,6.4525,21.6229,1.9673,25.0076,60.87,49.1,35.241,34.1707,27.285,4.5877,10.057,22.4,11.1139,4.5378,22.3198,450.2,916.2,35.863,57.953,28.792,52.8188,20.2308,30.1766,22.7644,22.7776,29.161,13.9317,5.1346,41.0231,23.963,19.9314,34.863,89.46,24.7469,21.585,23.124,15.9985,12.2975,52.9573,14.5849,75.6242,20.9776,23.5998,17.041,46.5769,23.4985,24.4196,35.1628,42.7469,43.6071,22.2441,36.3696,35.8949,40.99,26.771,40.0697,38.3414,34.809,21.6427,8.2109,36.9875,6.2704
30/04/2008,318.56,10.5004,19.46,62.4586,10.8862,29.5141,5295.6,49.0119,13.5805,7.062,25.0929,1.9362,26.9538,54.52,51.13,34.256,35.0469,32.3,5.6558,12.2697,23.62,12.2812,5.5389,22.2338,422.75,865.1,39.578,58.3663,29.8232,60.2778,19.0704,29.6464,23.3951,23.9592,30.3052,14.7522,4.9202,41.5693,36.56,19.8929,38.049,89.14,24.9211,24.5247,23.3,17.0006,13.3252,62.0941,15.7286,76.0814,21.7395,25.2739,16.72,50.1919,24.371,25.482,38.9729,44.4993,42.7207,23.2405,39.5446,41.0188,44.01,28.361,42.4156,43.5167,35.5458,23.8513,8.8643,37.46,7.9209
30/05/2008,321.76,9.2856,19.834,64.868,10.349,32.0843,5039.4,45.4944,12.7355,7.1939,26.5086,1.8139,26.4262,54.48,53.24,38.271,36.1399,31.15,6.1937,14.6248,24.83,12.7814,5.8916,22.323,435,887.3,41.265,56.0288,31.1113,61.9451,19.7158,30.8363,23.6264,24.1873,32.4468,12.3619,4.8522,45.8263,34.506,19.9545,39.253,89.96,23.9016,24.964,22.695,17.2137,13.2978,68.2265,16.5722,76.4937,22.0205,27.2593,16.673,49.5991,25.0049,26.2088,40.3019,44.7976,42.5405,22.7774,37.9888,45.1395,44.87,28.299,42.7952,46.0672,35.3871,24.9631,8.7845,36.7299,7.3154
30/06/2008,294.84,6.6708,18.997,63.8265,10.4599,32.0057,5061.4,33.4207,10.2087,6.8547,21.5891,1.6738,27.7521,47.81,47.13,33.896,32.5506,27.865,5.1218,12.1317,23.67,12.4421,5.0425,19.189,464.75,928.3,38.6,52.6437,25.0535,63.4841,17.5458,32.4208,21.0371,24.0189,28.303,9.2255,4.4496,43.7365,31.296,18.6262,35.615,80.24,18.4166,22.4789,20.687,15.7145,11.7695,61.826,14.9869,70.4596,18.958,25.9088,17.263,43.1085,22.7998,23.381,36.2713,40.7708,38.1788,19.8302,36.7669,39.1825,41.52,26.316,37.9774,45.0166,31.3153,25.7121,7.6454,36.7861,6.3425
31/07/2008,283.83,7.2777,19.791,57.5232,10.0653,32.8232,4733.2,34.7386,10.3359,6.3142,20.1646,1.5931,29.779,47.45,50.23,33.279,32.4942,31.745,5.3735,12.2831,22.83,14.2032,5.2345,18.5001,383.5,913.9,40.084,50.1565,23.4475,53.5575,17.0214,34.9596,22.1323,25.5732,29.5225,8.5829,4.6659,48.5205,34.715,18.5244,33.654,76.58,17.3906,18.8453,20.349,15.6132,11.6027,56.252,14.0867,64.5005,18.3106,24.4946,17.53,42.2132,22.5985,22.9093,36.6887,39.5964,39.5915,18.4408,40.5227,33.7449,39.96,25.236,36.7496,40.3867,30.8987,24.1707,8.145,36.0151,6.328
29/08/2008,269.89,8.4236,22.764,54.6629,8.8053,32.5088,4453,29.913,12.9983,6.4538,20.9255,1.6649,29.4101,53.91,51.48,33.752,34.2712,31.965,4.818,11.2124,24.49,14.406,4.5409,18.1151,303.8,831.2,39.027,53.0214,24.9571,48.6993,16.0937,32.7743,22.4426,25.7984,29.2726,9.0511,4.3889,47.0685,31.372,17.9293,31.529,78.04,17.0421,16.6615,18.519,14.2456,11.0191,50.8096,13.4865,67.154,18.4324,23.7367,13.37,36.5459,21.2199,22.1401,35.083,38.0739,37.2173,18.2865,36.3229,34.2197,37.99,24.385,35.0419,37.9476,28.9545,24.6014,7.2183,38.1292,5.5064
30/09/2008,228.71,7.9079,19.878,48.3829,8.1144,29.8678,4168.9,19.7191,10.1748,6.2278,15.5813,1.4891,28.5782,42.39,43.71,31.869,33.9892,24.4,4.439,8.7126,22.74,12.9802,3.9726,18.3785,202.7,874.2,37.594,50.0492,21.1863,32.2566,16.013,31.1249,20.8092,23.8706,30.7721,7.0316,3.803,44.8443,24.823,16.4652,26.9,87.9,13.8886,12.0176,17.226,12.3335,9.178,38.99,11.6294,65.3161,15.3172,20.5801,11.85,33.556,18.5094,19.4116,31.2599,33.1647,33.2131,15.1569,31.3452,27.9332,35.49,21.147,30.3988,32.0348,26.8888,22.918,6.3851,36.8807,6.3544
31/10/2008,178.17,6.1066,19.616,30.522,8.4804,26.3905,3709.9,13.2462,10.9718,5.4901,15.5282,1.1588,26.34,33.54,36.72,22.932,31.7326,20.585,2.8063,6.5111,20.22,12.5602,2.888,15.2377,199.55,718.2,32.025,45.2013,17.9807,24.0302,12.0199,30.0352,20.0179,21.5245,25.0847,5.3701,2.9987,29.6528,20.6,14.3826,20.019,76.8,14.2859,8.4171,14.223,8.9019,7.2395,26.0764,8.4871,57.9243,11.387,14.9858,9.58,23.9867,14.3118,14.8762,21.9954,25.9253,25.3466,12.3641,20.0811,21.0291,29.97,16.968,23.2437,29.2685,20.5123,18.8535,4.6517,34.5369,4.5732
28/11/2008,167.41,5.3247,16.042,33.9652,8.0985,24.7376,3180.8,11.9381,10.5648,4.7523,13.564,1.1853,23.035,25.26,31.82,20.669,30.9852,18.09,2.9931,7.1299,20.61,11.161,2.6276,15.6807,192.6,816.2,29.571,40.9711,20.2869,12.9285,12.9798,27.6378,17.5109,19.1551,21.0755,4.1767,3.0999,28.6541,13.588,13.0438,18.067,69.98,14.3641,7.66,14.004,8.6107,7.1423,24.3454,7.7341,48.0355,10.5034,13.3685,10.23,20.2113,12.8481,14.0417,22.4987,24.0113,24.6528,10.9186,19.9309,17.5363,28.84,15.876,21.903,28.6051,19.8295,16.806,3.6252,34.8501,3.9843
31/12/2008,176.75,6.6447,19.268,38.8307,8.1445,26.1829,3647.8,15.9013,10.2002,5.2508,15.9883,1.2082,23.4495,31.51,34.09,22.924,29.3351,13.95,2.9996,5.8722,18.99,12.1371,2.5031,15.7628,188.7,884.3,30.085,41.2401,19.6189,11.4947,14.1576,29.3107,20.3597,20.7291,19.2102,4.0849,3.4834,30.3998,13.057,14.5706,19.934,64.28,16.9568,7.7691,14.86,9.3039,7.4638,25.3421,8.4852,49.8169,11.6405,13.8967,11.2,23.782,14.946,15.5274,25.2068,25.7367,25.0255,11.5264,25.2892,19.7894,32.16,16.006,23.7583,29.9879,22.8128,16.3351,4.214,34.3817,4.515
30/01/2009,160.97,5.3675,16.574,32.0998,8.4202,25.2008,3329.1,12.9943,11.6205,5.0115,14.6346,1.117,25.6637,26.8,30.55,22.907,28.3337,11.07,2.6048,6.0391,22.67,11.3976,2.271,15.0096,193.3,927.3,30.201,39.4957,17.5523,11.2155,10.6888,24.3038,17.8338,19.6112,16.1679,3.7086,3.3108,29.6948,12.877,12.4408,18.082,59.78,15.4716,9.0522,14.289,8.5121,7.2119,25.7115,7.0317,48.3476,10.4468,13.3146,12.52,22.5576,12.0533,12.9383,21.6937,22.1741,28.2397,10.3419,19.4346,17.3915,28.3,14.504,19.801,26.9945,18.887,17.3455,3.5554,33.4771,3.9988
27/02/2009,145.57,4.7475,17.855,28.3769,7.6738,23.3083,3744,16.192,9.8865,5.0115,13.387,1.108,22.2768,32.12,32.39,19.368,27.0362,11.925,2.3829,5.4136,21.97,9.7073,2.2141,13.2019,194.85,942.5,27.696,33.7901,16.8362,13.5362,10.4871,22.2995,16.2194,16.9889,15.964,3.222,2.8316,26.9754,14.832,11.0341,16.949,51.28,13.172,8.2695,14.248,7.5751,6.924,24.77,6.7955,48.066,9.1751,12.031,12.88,18.5358,10.4902,11.6697,20.0386,19.8728,28.1138,10.3571,17.5487,14.9846,24.74,13.093,17.0468,25.5955,16.7101,18.088,2.73,36.1145,3.2499
31/03/2009,156.66,5.6719,23.409,36.4057,7.7802,21.9509,4084.9,17.9749,7.4276,5.9487,15.7302,1.3076,22.5262,32.65,33.75,21.167,27.1349,13.76,2.8549,5.5227,22.21,10.8934,2.5157,12.9622,218.8,922.6,26.327,33.1446,18.2815,17.7908,11.0922,23.2714,17.6818,17.5189,19.0226,4.5255,2.8752,29.6193,17.66,11.9693,19.807,56.4,15.7383,8.5325,14.248,8.3141,7.3198,27.3049,8.1097,48.7236,9.7212,13.1233,12.79,24.1986,11.6411,12.7602,24.3367,21.4025,28.9698,12.2554,19.7501,18.7804,26.52,13.694,18.3225,26.6041,18.1091,18.2048,3.1291,36.4953,3.6109
30/04/2009,177.25,6.8905,26.312,40.0679,7.7039,23.4999,3835.4,26.4827,9.3269,7.0254,19.0002,1.5506,21.3299,39.52,40.96,24.09,27.3584,14.9,3.6046,6.5422,23.17,10.7459,3.1225,13.3251,218.2,891.2,27.225,35.4407,22.3655,21.6248,11.7394,23.3207,19.1806,17.5794,23.5293,7.0775,3.2672,31.9693,23.29,12.7473,22.888,61.3,18.6196,10.7504,16.572,9.6602,8.5434,32.6645,8.8971,60.9315,10.8057,14.9411,12.21,29.0961,13.4452,14.2069,26.5284,24.2204,31.0259,15.5204,23.203,23.5415,28.57,15.327,21.7724,26.962,20.9373,22.3221,4.3239,35.5556,3.9779
29/05/2009,200.11,9.2624,30.148,48.2385,8.445,23.8992,4380.8,20.9691,9.7127,7.2714,18.5959,1.8015,22.513,42.23,42.65,22.242,28.3397,14.35,4.2155,8.628,23.35,12.8201,3.885,16.5904,236.05,978.8,30.152,40.4105,22.8748,24.0786,13.099,24.6186,21.1641,19.2654,26.7784,8.8858,3.2836,37.0051,26.38,14.2484,26.537,59.44,17.0703,12.4694,17.979,12.2997,10.206,39.9796,9.9752,61.6935,12.4051,18.4173,15.47,30.7031,15.0386,16.2767,31.4153,27.6756,37.1233,17.115,25.4598,23.8783,31.46,17.94,24.8165,32.1807,24.0369,22.299,5.0753,37.6841,4.6531
30/06/2009,197.51,9.6576,30.671,46.6204,8.8309,26.7179,4349.9,26.0467,9.9248,6.2544,19.4494,1.7843,23.4194,41.47,39.64,23.336,29.9654,17.345,4.1593,8.4989,23.47,13.5637,3.7595,16.5201,250.95,927.4,28.724,42.4029,21.5985,21.7469,12.4109,25.0923,19.6948,20.1969,27.1978,7.821,3.1474,34.3076,30.109,14.1299,25.94,57.91,16.6722,11.4797,18.361,11.9935,10.0213,38.6859,10.2052,58.1374,12.1838,17.1526,13.38,29.7573,14.4219,15.5721,31.6399,27.0248,38.3677,15.323,23.9865,23.5415,31.83,17.574,23.8659,30.2717,24.7937,21.09,5.718,40.1064,4.5063
31/07/2009,216.52,9.1556,38.413,53.4292,9.4682,28.0035,4126.9,27.9168,11.5373,7.3341,23.3662,1.9563,24.9274,55.76,46.11,25.533,32.2062,11.985,4.7025,9.8211,26.69,14.2705,4.041,18.5236,264.6,953.7,32.286,46.2025,24.1139,26.3191,14.3426,28.0635,21.7986,22.1467,31.9268,9.7978,3.3859,40.3343,34.814,15.6138,28.797,63.61,17.9029,12.8471,20.135,14.0013,11.1883,42.0674,11.4991,64.7955,13.8869,19.3787,13.7,35.6164,16.1544,17.2001,33.3066,30.091,39.4264,17.2061,27.5538,25.4532,33.32,19.064,25.8645,31.0643,27.8937,24.7579,6.9272,43.3578,4.5504
31/08/2009,224,9.2249,36.609,57.2101,9.893,26.3506,4341,30.4944,12.4685,7.4952,24.6778,2.0742,25.1706,57.77,48.59,28.308,32.2062,12.42,4.8719,9.8345,27.87,14.5098,4.1557,19.2547,291.8,952.2,32.226,45.9507,25.272,24.3685,16.2826,28.5864,22.7536,22.6152,34.6171,10.7636,3.6334,41.6233,33.006,16.5792,28.419,65.72,18.4313,12.5085,19.97,13.6024,10.5173,42.5129,12.3131,65.5729,14.7553,19.0424,14.62,35.5736,16.772,18.5313,34.913,31.7414,37.6901,16.462,30.1053,24.3426,34.5,19.889,28.0689,31.9686,29.4344,24.1414,7.3918,41.9849,4.6531
30/09/2009,235.01,11.0847,39.826,62.2887,10.2076,29.7602,4241.9,37.2677,13.2317,7.6773,26.5643,2.3157,25.3267,62.46,50.08,31.307,32.338,12.94,5.8632,11.8535,28.35,13.9871,5.1017,20.1616,299.2,1008,35.759,46.5916,26.1059,26.7447,16.5562,30.9917,24.677,22.8523,36.0295,12.0359,3.7712,41.7172,39.105,17.3292,31.316,66.46,20.3055,15.0609,20.919,14.2938,11.3196,49.4,13.7284,60.8164,15.9663,20.4037,16.38,40.5261,17.7987,19.7561,36.6466,33.2711,40.5613,18.7095,32.2269,26.7154,33.55,20.634,29.994,33.0795,30.8334,23.4244,7.7368,41.2186,3.9671
30/10/2009,231.95,10.358,33.671,55.2956,10.0779,30.1827,4029.6,34.6804,11.0242,6.6827,24.2017,2.5358,24.0161,53.02,51.48,27.188,35.0182,10.75,5.5712,10.7672,31.05,13.9746,5.0551,20.97,323.25,1040.4,35.36,49.2663,24.0599,27.9603,16.921,31.9575,24.657,23.8067,34.2023,10.5686,3.4759,38.6441,37.792,17.0579,30.238,65.66,18.1022,16.7719,21.641,13.9348,11.3268,50.2691,13.3214,61.0641,15.4644,19.0985,16.07,36.677,16.8442,18.6378,34.6922,32.4124,40.7561,17.6313,31.2077,26.8892,32.24,20.607,28.2012,33.5316,29.8782,23.9344,7.7788,41.1534,3.9448
30/11/2009,238.13,12.5999,33.339,57.2341,10.8189,33.4062,3841.6,47.82,10.274,7.2781,27.84,2.7689,24.2338,57.47,50.79,32.832,34.7692,10.145,6.4787,10.7961,31.59,13.9497,5.4397,21.027,363.55,1181.1,38.366,51.2288,24.8668,32.0547,18.0153,34.2028,25.3515,24.2802,36.7743,13.299,3.5547,40.8635,43.374,17.6244,32.612,67.06,18.8854,18.8643,22.404,15.1049,11.5675,55.8489,14.1719,60.7932,16.0858,20.7481,18.15,37.96,18.0473,19.6724,37.5101,33.8817,43.5342,18.5729,34.1891,24.419,32.27,21.645,29.0094,35.6845,31.5237,23.9499,8.3794,43.1677,4.0785
31/12/2009,242.91,12.1813,32.799,61.6959,10.3535,33.7806,4246.3,50.2619,12.1452,8.0136,30.6249,2.8814,26.2043,60.07,57.39,32.548,36.761,9.92,6.6526,11.7143,33.88,14.6063,5.6951,22.7145,408.85,1096.2,42.057,52.5927,27.0104,33.8279,18.4879,33.4831,26.2264,24.7369,36.34,15.6578,3.8317,39.9587,41.123,17.7933,33.68,65.72,20.0053,19.1012,22.205,15.6283,11.5766,56.2565,14.2685,65.1433,16.3936,21.2825,16.539,40.8497,18.0104,19.7578,38.2202,33.8014,46.5635,20.0312,31.7901,26.5324,33.17,21.804,28.9979,36.7461,30.364,26.2855,7.9629,45.9398,3.655
29/01/2010,230.92,11.0782,28.596,59.7814,10.9341,33.3655,4606.8,36.851,12.2443,7.117,28.0736,2.6383,25.7175,63.07,57.9,31.764,36.9807,9.889,5.6065,10.7569,31.98,14.4663,4.7453,21.7319,412.65,1083,37.164,50.9106,26.5588,30.4716,17.4101,32.9294,24.5835,22.8399,33.6006,13.5868,3.5502,38.6868,41.171,17.0179,31.067,76.43,17.9997,16.9693,22.058,14.6626,10.8151,48.7767,13.1815,59.6012,15.7667,19.7548,15.9,38.9633,16.325,18.2139,35.9394,31.6818,47.3963,18.6412,31.6723,30.4025,33.51,20.768,26.3077,33.0451,27.2353,26.2932,6.8985,46.3814,3.8111
26/02/2010,230.54,11.3956,33.88,62.561,11.5324,32.5352,4314.9,39.8646,13.0678,6.8298,27.6963,2.7634,25.4228,60.11,58.29,31.367,39.141,8.974,5.9032,11.0298,32.6,14.2486,4.9663,21.1601,432.4,1118.9,36.63,49.4633,26.3124,32.9199,17.1448,34.0306,24.4432,22.0742,37.0182,15.0263,3.3974,38.0551,51.868,17.4975,31.619,80.13,16.9895,18.3313,22.351,14.9754,11.4065,51.5515,13.8312,57.9215,15.2796,20.943,16.07,39.0662,16.0922,18.0457,36.397,31.5075,48.2292,18.1779,30.6593,31.2076,33.85,20.593,25.2375,31.9376,25.5983,26.836,6.3889,49.2303,3.8036
31/03/2010,245.42,13.0531,30.968,70.6355,12.7239,34.1469,4948,46.7154,12.8436,7.3481,32.0461,2.6387,26.1172,70.29,63.37,34.125,39.5437,10.18,6.5058,12.2891,35.07,14.4424,5.2901,21.0451,479.95,1113.3,37.69,51.8075,29.8607,37.5031,17.493,34.4904,24.9508,22.8944,39.9632,17.1438,3.6048,41.1196,59.7,18.4647,34.185,81.27,18.6443,21.1804,24.421,15.6419,12.0423,55.5251,14.9994,62.6834,16.3452,22.5596,17.14,42.8734,17.5529,19.154,41.2658,33.5574,46.691,19.3825,35.5322,35.186,35.56,21.898,27.1103,33.2918,26.698,27.4669,6.5016,51.7489,3.9375
30/04/2010,242.59,13.9643,30.436,70.947,13.5455,35.8343,4981.2,48.8569,12.0978,7.4182,29.5657,2.8155,21.19,72.34,63.59,37.856,39.9052,9.627,6.4161,11.9447,35.62,14.2842,5.347,21.6345,555.75,1180.7,36.258,52.3375,28.8273,32.2292,17.5281,32.4185,22.7803,22.1634,41.7856,18.9547,3.4411,40.505,68.896,17.5215,34.127,77,21.4159,20.2899,25.111,16.3356,11.5766,54.4827,14.6433,60.0878,16.1289,22.8183,18.26,44.4597,17.1677,18.0075,40.8015,32.2814,47.9742,19.6296,34.7041,31.4213,35.39,21.427,24.9105,31.2032,25.042,26.2994,6.1926,48.1803,3.8924
31/05/2010,215.54,13.0166,26.469,72.115,12.6744,30.809,4460.7,50.2619,13.8697,6.8298,25.5826,2.7736,18.9507,71.49,63.88,35.063,39.6409,7.67,5.45,11.6047,30.67,13.6447,4.6942,19.625,461.85,1212.2,35.202,47.0684,25.8887,29.2129,15.7567,28.6953,20.9494,20.1379,36.338,15.4907,3.1366,36.2198,73.21,15.6511,30.921,70.55,16.9739,18.017,23.187,14.9754,10.926,47.8945,12.563,56.3854,14.1418,21.1532,18.03,37.7285,15.3699,15.7145,38.4387,28.4886,47.0904,17.5447,31.8216,28.2627,32.39,19.072,21.2245,27.5606,21.2244,23.6532,5.0936,45.1136,3.6439
30/06/2010,212.76,13.4624,27.646,74.2387,13.3673,31.7368,4578.1,50.9208,14.5466,6.8368,24.8674,2.908,18.3662,75.72,66.77,34.741,39.4144,6.191,5.3335,11.8922,29.48,15.2207,4.5843,19.4,444.4,1245.9,35.527,48.1898,24.1647,27.6287,16.4315,30.8055,21.0544,20.4689,32.9963,15.9643,2.7585,38.3324,68.08,16.2315,30.488,79.69,15.6555,16.1352,24.144,15.4455,11.1161,46.8133,11.9726,53.4469,13.909,20.2373,18.21,38.5569,15.2332,15.2917,36.1224,28.0214,48.5968,17.2976,31.8216,24.498,31.56,18.407,20.8355,26.3844,20.7241,22.4845,5.2692,42.7847,3.4331
30/07/2010,231.67,15.4973,33.392,79.8174,14.1939,32.5498,4407.6,58.6244,15.6762,7.4247,29.1402,3.1444,19.7807,75.79,69.6,36.08,38.8858,7.266,6.6331,12.6635,34.02,16.2897,5.9264,20.779,500,1181.7,34.141,53.6739,26.1421,32.9009,17.7558,31.0733,20.41,21.4377,36.4413,17.5617,3.2247,39.6909,81.41,17.2302,33.821,78.12,15.7529,18.4213,25.895,16.9158,11.9966,53.2867,13.5937,54.7408,15.7543,21.6938,17.58,42.2996,16.8859,17.5119,41.611,31.9956,53.7059,19.1663,34.6152,28.6667,33.03,21.078,24.6252,29.9248,25.6985,24.8463,6.493,40.2007,3.7493
31/08/2010,224.8,15.0472,34.638,85.9679,14.1263,30.0535,3856.1,63.8957,14.9735,6.9101,22.387,3.1867,19.2294,75.87,68.23,34.937,39.7164,6.824,6.4333,12.0985,34.865,16.1802,5.6108,19.4699,500.4,1249,37.268,50.3097,24.3652,32.2164,16.6845,33.464,20.0388,22.797,33.3319,20.2141,3.3111,37.6748,78.43,17.5144,32.727,78.78,11.7379,17.7255,27.204,16.7097,12.0343,51.2955,13.2846,52.8779,14.4374,21.2381,18.93,41.213,15.7217,16.3002,40.0673,30.5314,57.9921,18.7493,32.177,25.7008,32.18,20.489,22.436,27.5724,23.9666,25.7535,5.9438,41.8143,3.5762
30/09/2010,246.52,17.3607,34.385,93.0332,16.2414,34.89,4028.7,69.9423,15.7754,7.4541,26.9133,3.6194,21.7031,87.68,80,39.469,39.5276,8.166,7.2141,13.9281,36.93,16.596,6.489,21.3319,571.25,1307.8,39.536,54.1869,25.8747,37.5187,18.962,36.7664,23.2887,24.0892,36.3437,24.0851,3.3605,42.6675,102.62,18.5294,36.574,82.68,12.6711,20.7206,28.998,18.1663,13.6524,58.2596,14.9752,56.1291,16.5185,22.8086,21.31,46.1285,17.9118,18.755,46.1186,33.9687,63.4527,20.927,37.4622,28.5278,33.91,22.406,25.365,30.4981,26.4667,27.9472,6.437,43.5738,3.5381
29/10/2010,254.72,16.2863,36.46,102.8184,17.2908,37.0778,4425.8,64.0895,16.2841,8.0202,30.0183,4.076,23.1679,86.98,83.71,40.729,40.698,9.349,7.3296,13.1209,42.75,16.5174,6.6255,21.2733,645.1,1357.6,41.673,58.1051,27.0076,41.6009,19.814,36.9449,24.5915,24.101,37.5453,26.5493,3.6089,44.7616,110.01,19.0978,37.677,79.56,13.4554,21.5102,29.694,18.7434,14.0964,58.3292,15.4357,55.5332,16.9493,23.5349,24.17,46.9047,19.4017,19.7947,46.4685,35.6281,65.0129,21.4675,40.6291,31.2218,34.37,23.351,27.0409,32.2003,27.9577,28.2927,6.5981,42.8551,3.561
30/11/2010,244.45,16.6056,33.287,97.9095,16.4031,35.9251,4685.4,61.6476,14.8829,7.9025,29.5386,3.9707,22.0853,90.37,87.38,42.058,41.1888,7.37,6.9645,13.668,42.87,15.3619,6.3922,20.6914,700.95,1385,43.445,56.2677,26.2476,40.9684,17.9245,34.0506,21.3766,23.6318,37.693,30.8829,3.1533,40.6082,105.05,18.4401,36.582,79.68,13.3564,21.2024,28.744,18.3587,14.2168,56.6711,14.8364,60.9202,15.3479,23.8665,27.44,46.5425,18.3433,17.5823,45.7756,32.8462,65.6901,21.7609,39.0261,32.735,35.23,22.133,22.8134,29.6306,22.5081,28.4497,4.955,41.4906,3.5992
31/12/2010,263.36,15.7355,31.517,97.1253,18.5727,40.2125,5217.8,64.5788,15.0381,9.2184,34.7076,4.6098,23.1722,87.86,92.06,42.484,41.3398,8,7.1697,15.2714,46.26,15.1197,6.5711,22.8523,803.3,1421.4,42.803,58.3642,29.0005,45.7788,18.9451,37.5825,22.5743,24.2121,36.8279,27.7011,3.5266,43.7924,96.53,20.3644,39.247,80.11,15.8389,23.1365,30.87,19.4748,14.3707,60.6476,16.4557,61.6573,17.1904,25.4936,30.18,52.9218,19.4913,19.256,52.3584,35.8472,68.265,24.5937,44.1621,32.9472,37.68,24.029,24.8794,32.4922,24.6511,31.162,5.4855,43.2235,4.1341
31/01/2011,265.75,13.598,35.17,85.1593,18.6651,42.6838,4831.8,65.6787,18.151,9.608,38.0299,3.9665,22.1972,86.2,85.29,39.599,38.546,8.571,6.4564,15.0633,44.55,16.0068,6.13,21.4685,820.1,1333.8,41.758,60.3037,30.1447,44.3862,19.5862,35.6125,24.1012,22.428,38.1233,22.9049,3.8274,50.1004,108.63,20.1046,37.738,81.75,16.608,23.4346,30.505,19.3201,14.5758,57.3566,16.087,64.441,17.6958,25.7321,27.392,53.1034,20.4927,20.4767,45.9853,37.169,61.1984,24.5149,47.0608,31.6832,37.75,24.292,27.5375,35.7062,28.0932,34.3492,6.4085,45.313,3.9736
28/02/2011,272.33,13.8522,40.671,82.0473,20.8974,42.6921,4933.8,63.7407,18.0733,9.0346,39.4692,4.0126,24.3304,81.22,85.44,40.485,39.7164,8.024,6.6748,16.1127,49.84,16.7235,6.3938,22.1937,797.65,1409.9,43.329,61.4501,31.0964,45.4083,19.5946,37.4183,24.2203,24.2177,41.5807,23.2448,3.8659,52.2636,121.16,20.8679,37.721,87.28,17.5674,23.0309,30.204,18.3499,14.1808,58.195,16.8891,73.1607,18.2989,27.6893,33.11,50.2148,21.1685,21.1461,48.6355,38.33,59.9291,23.2081,49.2707,33.9897,39.82,25.399,28.1146,37.2433,28.2139,34.4675,6.4399,41.7158,4.2258
31/03/2011,270.77,16.002,43.165,85.7065,20.9808,45.5863,4730.8,79.1826,17.7112,8.9538,40.284,4.2621,24.7587,79.85,83.53,38.656,39.7541,7.209,7.3019,17.2708,51.05,15.6861,6.779,22.8812,767.9,1438.9,42.57,60.6275,31.435,45.8489,19.6959,36.1415,24.6686,24.0923,43.9944,26.2377,3.7516,53.0943,137.81,20.535,40.094,83.63,18.1915,22.4388,31.75,19.2217,14.3783,60.7338,17.219,63.5151,18.788,27.64,36.77,55.6548,21.1278,21.2091,51.1314,37.9357,61.61,23.401,50.3335,29.5099,35.63,24.776,28.221,37.0428,28.4622,29.7428,6.131,41.7741,3.5698
29/04/2011,283.05,16.2054,42.964,80.4894,21.3427,47.7625,4701.9,88.6597,18.013,9.9241,38.3507,4.9049,26.1999,89.16,90.68,43.622,41.9717,6.778,7.2131,18.7364,54.93,16.9479,6.612,24.3384,792.15,1556.4,45.899,64.7239,32.1514,47.1963,21.9157,39.3467,27.6803,27.3853,45.0725,25.9073,3.8335,55.8373,148.52,22.6136,41.189,83.3,19.5468,22.7434,32.222,20.3185,14.7049,60.8983,18.2863,63.064,19.5623,27.714,46.88,59.6506,23.4319,22.7685,53.8938,41.0903,67.0987,25.192,53.4853,26.2465,36.37,26.436,30.6056,39.0235,30.73,30.4088,6.6783,38.0771,3.7017
31/05/2011,273.37,15.4393,40.218,84.5339,21.1114,47.9799,4733,85.478,19.7289,10.0417,35.8252,4.7483,27.4063,91.94,91.48,46.277,42.7924,6.902,6.9359,17.1351,54.92,17.822,6.5136,24.5988,778.95,1535.9,45.184,67.6829,31.9625,45.2043,21.7692,42.9044,29.0401,27.5933,41.9369,22.8766,3.7601,54.5464,135.71,23.0277,39.979,79.07,17.3375,21.9671,32.373,19.967,14.7733,58.9394,17.2836,65.9212,18.519,27.0561,37.6,57.0905,22.1048,22.1148,51.0964,39.922,66.0352,24.8141,49.0545,24.7909,35.47,25.814,28.3121,35.9863,29.0057,30.1313,6.4036,42.5785,3.5465
30/06/2011,268.82,16.725,39.311,71.8,20.9891,50.5131,5053,77.0397,20.0946,9.6604,33.9426,5.08,27.6319,93.35,93.9,48.288,40.8384,6.913,7.157,15.8725,56.85,17.0296,6.7406,24.4478,760.65,1502.8,43.667,65.1216,32.3476,46.6225,22.5275,40.6368,29.4507,27.2377,40.8273,21.2526,3.7522,53.2128,140.13,22.042,39.604,77.39,17.6431,21.756,33.137,19.5778,14.253,58.3559,17.1408,65.2326,17.9161,26.2182,33.84,56.5099,22.4525,22.1679,50.4362,39.0895,65.4799,23.9009,50.4031,24.4665,36.34,25.064,27.3511,36.1426,28.8229,30.7757,6.199,40.3367,3.7483
29/07/2011,264.81,16.4795,44.045,81.4734,20.443,49.443,4837.4,77.1174,21.0697,9.4689,32.7396,4.5569,26.9283,98.06,96.81,46.921,39.2752,5.826,6.1926,17.6859,57.65,16.499,6.3293,24.1988,827.7,1628.3,44.692,64.6205,29.6745,45.7587,20.7609,40.6966,28.4096,28.2028,38.8518,20.6085,3.5824,54.757,157.07,21.8018,39.197,74.17,15.5356,22.0897,32.681,20.5046,14.4608,56.1442,16.5881,64.8369,16.8357,25.6138,38.85,57.1011,21.4756,20.1789,49.542,37.2931,60.4671,23.8694,46.6503,23.2705,37.31,24.965,24.5243,33.7868,26.4769,31.7083,5.5976,39.015,3.9345
31/08/2011,241.44,15.8157,44.08,83.0912,17.8696,44.803,4539.7,65.4265,19.2283,9.1701,32.3906,5.41,25.9145,88.18,89.25,42.637,39.0094,4.954,5.5823,18.1347,54.44,16.4253,5.8778,25.7232,788.1,1829.3,35.718,63.841,26.639,39.7841,18.7959,38.8746,26.8113,27.5186,36.9501,15.9999,3.2444,47.8257,145.78,20.435,35.569,73,14.3178,19.6515,30.794,18.5654,13.5834,52.1106,16.0157,56.8589,15.3399,24.7446,40.45,49.294,17.4677,18.1097,48.8679,33.8318,58.7295,21.6336,37.8216,20.3501,34.32,23.051,21.1384,30.6437,24.5754,25.8816,5.0877,34.7878,3.4922
30/09/2011,213.88,13.8198,33.269,76.8869,16.6734,44.0422,4762.6,52.2628,18.4621,8.7564,31.7202,4.6525,26.1384,74.06,75.4,40.533,39.1579,4.082,4.7708,16.0556,52.76,15.3654,4.8724,23.7791,614.55,1620.4,32.951,61.6429,23.7425,28.6737,16.8052,37.0858,24.0474,26.5292,33.0598,14.7973,3.2045,44.4127,106.91,17.9417,29.2,71.04,12.3372,15.8659,26.425,15.685,11.0284,41.3782,13.1994,54.4307,13.6198,21.102,28.91,40.4872,15.255,15.2785,40.1247,29.6914,46.2191,18.5948,32.907,17.7655,32.96,20.786,18.4515,27.8896,22.1131,23.3862,4.4079,31.3057,3.5159
31/10/2011,236.19,15.0098,41.299,90.7132,17.8093,50.9828,4491.1,63.3961,18.6058,9.6681,38.5069,5.1942,25.5983,85.83,90.99,45.077,39.7832,4.364,5.88,19.2796,57.63,16.595,5.9995,25.6546,651.15,1725.2,36.818,67.2851,26.1446,35.1656,18.8304,37.5513,26.2102,28.778,35.7744,19.2904,3.3227,52.9584,140.18,19.4659,33.959,77.86,14.6439,18.1089,30.101,17.4674,12.4598,49.6204,15.6209,53.1947,15.3316,23.3786,33.44,48.1638,17.7015,17.2435,44.9931,33.379,54.6202,20.3819,38.4703,19.6076,32.75,23.474,20.9676,33.2488,24.1035,23.9879,4.7897,34.3588,3.4211
30/11/2011,223.59,13.1134,39.311,90.5798,19.0239,49.0116,4322,85.2638,19.3241,9.8979,36.3028,5.2958,24.0526,84.53,88.86,45.853,39.9786,5.374,5.476,18.4553,55.34,15.9265,5.4418,25.8758,610,1745.5,38.569,69.5014,24.2442,34.5216,18.5546,35.9886,25.6676,28.9367,33.6317,16.5484,3.1325,52.6074,130.99,18.5216,33.289,78.76,15.2326,16.5696,30.447,16.783,12.3059,46.9552,15.305,52.5568,14.5671,22.7329,32,48.7376,17.2255,16.4735,45.9724,32.4224,51.1103,19.4451,37.1656,16.8773,32.86,23.094,19.8027,32.8928,22.4961,25.3919,4.1854,33.4886,3.429
30/12/2011,220.87,12.4592,39.102,91.2886,19.3104,45.0351,4130.6,77.4151,21.0262,9.8902,38.3783,5.5592,23.1878,84.11,83.37,44.344,42.2062,5.171,5.7644,18.1165,52.54,16.0339,5.6214,25.7911,656.15,1566.8,39.228,70.9709,25.142,31.8221,17.9514,38.0168,26.7893,29.6848,37.2662,16.2597,3.0579,46.457,116.47,18.7522,31.87,76.3,15.7655,15.2867,30.067,15.8486,12.045,46.0064,14.5517,52.7322,14.4373,22.3316,26.94,45.7791,16.0482,15.8547,44.147,31.6642,50.2117,19.2359,35.0399,16.8679,32.12,23.082,18.887,32.9829,22.232,24.6606,4.2078,34.1227,3.3104
31/01/2012,235.65,14.7111,41.683,94.7827,19.9672,48.5124,4226.3,85.0651,22.3583,10.7866,39.4803,5.6054,25.9996,91.45,94.19,49.012,41.2292,5.98,6.1992,18.5613,56.29,16.6782,6.0291,24.9217,686.35,1737.8,42.516,71.9207,26.4081,39.3288,18.3564,36.1482,27.2219,28.9757,38.678,23.1677,2.9312,53.0636,127.52,19.3325,35.372,78.37,15.853,18.0305,31.66,18.1169,13.1584,52.5879,15.8955,58.5931,15.1077,23.5993,32.28,50.2466,17.81,16.8507,48.0939,33.3915,54.1357,20.9443,35.9412,17.0362,33.66,23.825,20.3992,34.1832,22.7241,27.4858,4.5059,38.164,3.6265
29/02/2012,248.34,16.2851,45.702,102.4797,23.5106,50.3737,4744.8,94.7104,23.7383,11.1236,41.8313,6.1631,27.2415,97,96.25,52.153,43.2222,6.394,6.54,19.3767,58.16,16.2133,6.1277,25.2114,706.65,1711.3,44.263,78.4399,29.1077,37.6119,19.6405,37.883,27.1486,29.3455,41.5214,26.2657,2.8921,59.3193,136.7,20.1864,37.237,78.45,17.0064,17.9165,32.916,18.8632,14.2056,55.4577,16.1195,65.9531,15.711,24.3632,33.55,52.4409,19.1627,17.9034,50.3927,35.2029,59.0777,22.357,38.0072,20.0003,35.22,25.039,21.0608,36.1837,22.9004,30.7712,4.746,38.1102,4.0373
30/03/2012,244.02,16.1666,50.654,109.9266,23.6493,54.5701,4770.8,95.2796,26.7333,11.7059,46.0466,6.4402,28.179,98.06,98.19,51.641,44.3946,5.533,6.0299,18.5427,63.84,16.0688,5.9143,25.6617,654.1,1669.3,41.93,79.2115,29.1189,36.7266,21.2262,38.5085,28.4096,29.7429,42.873,25.9482,2.7717,61.2583,145.77,20.7501,36.074,81.15,16.7725,16.6266,32.759,18.8632,13.5828,51.8344,15.9566,69.8576,15.9121,23.7923,31.38,52.1562,19.4382,17.871,49.8144,35.2258,59.4257,22.0367,38.4379,19.5697,35.88,24.71,20.604,33.4373,21.5196,31.1724,4.3858,38.3228,3.9931
30/04/2012,239.25,16.2756,52.589,111.1164,25.0661,55.5445,4648.2,94.2565,25.9671,11.9357,47.3924,6.543,26.119,96.05,96.79,55.4,44.9933,5.199,4.9321,17.0786,58.125,15.8557,5.4203,26.6478,682.35,1664.2,43.677,83.0038,26.0655,37.0437,21.2764,38.3417,27.9917,30.6171,43.1261,28.6229,2.2899,58.1612,132.7,20.576,35.461,80.45,16.6253,16.2048,32.557,19.0169,13.6645,48.3031,16.1806,65.8022,15.2451,23.8091,30.11,51.8935,18.8203,16.7778,49.5903,34.3469,58.5991,21.0346,35.3999,15.2732,34.34,25.067,18.9028,31.4685,19.1253,29.2338,3.7754,38.9224,3.8167
31/05/2012,210.8,13.2556,54.368,105.9048,22.8105,48.8313,4349.1,68.4368,23.5685,10.5184,42.5779,5.9773,23.8611,89.91,92.34,53.713,44.5482,5.415,4.5507,14.4283,51.24,14.5952,4.953,24.7529,612.1,1562.6,41.794,78.2593,24.9879,28.5541,19.875,36.1594,26.1162,29.5616,37.1134,20.0023,2.0021,51.5026,117.77,18.4455,31.668,79.36,14.0002,13.3653,31.144,17.0486,12.3954,41.7176,14.0901,61.8676,13.5743,21.257,26.96,46.0944,16.2737,15.0288,45.0144,30.235,51.8126,19.8273,31.4852,12.4749,31.35,22.211,15.9413,28.1718,15.688,25.7864,3.173,33.5497,3.4399
29/06/2012,222.65,15.5742,51.308,106.8554,24.7797,51.3883,4813.9,73.9635,24.7519,10.6946,47.7921,6.0097,25.2219,87.76,92.69,50.87,45.762,5.274,4.38,14.1299,49.59,16.1627,5.0696,26.4381,584.55,1604.2,46.271,84.6044,28.4532,31.5866,20.6242,38.849,28.9942,30.5401,38.21,21.128,2.4214,53.3355,114.98,19.5229,33.267,83.33,15.7339,14.4894,32.229,18.3216,13.0605,42.2676,15.1408,64.7562,14.6458,21.8728,26.65,48.0128,17.0193,16.2808,46.9124,32.7342,54.2612,20.0901,32.0455,13.4171,33.5,23.819,18.2361,29.8916,18.7355,28.3228,3.9125,33.7637,3.8087
31/07/2012,225.48,16.2,46.042,98.4099,26.3482,51.5679,4811.4,65.1913,25.9213,11.0841,53.4431,6.0442,27.7655,95.39,94.78,54.736,48.5943,5.62,4.9773,13.3764,48.57,16.9068,5.2333,28.0685,590.55,1610.5,50.346,87.7483,26.7244,30.5295,21.1442,40.7393,31.1891,30.8283,38.5695,19.761,2.0225,56.9295,120.52,19.8382,33.254,84.84,14.9489,13.1755,32.523,19.541,13.3392,42.8849,16.0624,61.5619,15.0009,22.2537,27.12,48.6961,17.3717,16.2143,47.3309,32.8412,54.0406,19.9915,32.2819,11.4479,32,24.024,16.9945,30.5566,17.3077,25.7406,3.6724,35.005,3.8969
31/08/2012,229.56,16.0424,45.397,102.3059,26.7864,52.6796,5059.2,77.6519,26.8603,11.6633,52.7646,5.8968,27.8462,97.11,100.38,55.597,48.0279,6.01,5.0256,14.9856,46.09,17.2217,5.6055,28.3547,627.95,1685.3,50.338,89.6526,26.7553,29.3932,21.5496,41.0104,31.427,30.8315,42.2506,20.661,2.1623,58.9961,111.44,20.2557,33.39,84.34,14.5597,11.9492,32.817,19.5262,13.5303,43.1057,16.2634,64.0643,15.6098,23.2779,30.79,49.3093,18.2399,17.1373,47.5585,34.3774,53.0346,20.7964,35.9374,10.6564,32.25,24.813,18.9133,33.1568,19.7252,26.0593,4.3379,34.089,3.6403
28/09/2012,237.42,17.9533,48.945,106.3376,26.9057,59.8889,4907.1,80.6584,21.8506,12.5519,49.8926,5.9987,28.8209,93.35,90.48,57.399,47.9874,6.207,4.8572,16.0926,48.16,17.6155,5.4894,28.8605,640.8,1771.1,54.839,93.9898,25.6376,31.3581,21.77,42.574,33.0463,31.3399,43.3067,25.1218,2.4187,64.0907,116.89,20.9545,35.129,88.2,15.9104,13.0661,32.918,19.9426,14.4939,44.2013,16.4851,63.7489,15.8671,24.1159,33.48,51.7971,19.4003,17.4449,49.0048,35.386,54.8171,21.9792,38.1749,11.1609,32.64,25.436,19.397,33.7777,20.9188,25.4297,4.5966,35.6651,3.786
31/10/2012,238.12,17.8626,47.079,109.7838,27.3286,58.3193,5196.6,82.0458,24.2824,12.6154,51.1009,6.4435,29.9494,106.06,96.98,59.023,47.8256,7.169,4.6369,17.0414,44.52,17.0782,5.3526,29.469,609.8,1719.1,55.011,95.2487,26.4111,33.5175,22.4839,42.0181,33.6526,30.4316,43.4646,23.6251,2.7355,65.5013,106.73,21.4658,34.98,86.35,15.4547,13.7982,33.81,19.8385,14.7328,43.6208,17.0325,62.9044,16.3817,24.1159,31.27,50.4393,19.7183,17.9521,48.1825,36.0114,54.3142,20.7143,38.4646,11.1991,32.24,25.559,20.1064,33.98,21.4326,24.8207,4.7179,34.8124,3.6557
30/11/2012,242.23,20.1223,38.239,118.7471,27.0524,58.7605,5648.1,70.3013,22.9358,13.7023,58.1554,6.5731,31.6901,112.12,105.19,60.807,49.0799,7.712,4.8205,17.0693,46.17,17.4978,5.7594,30.5633,686.25,1710.9,56.926,99.6927,26.6887,33.3968,23.9293,43.1231,34.2435,29.5503,44.8746,24.5251,2.6189,70.0747,96.31,22.3009,35.52,88.08,15.2226,13.1279,33.178,20.121,15.2186,42.1736,17.3028,69.8956,16.8878,23.7943,32.36,52.2438,20.2169,18.6506,47.4851,36.9027,52.9993,22.2749,39.4518,9.2912,33.2,25.852,20.5579,33.8182,21.8481,27.4048,4.8444,34.9742,3.7534
31/12/2012,250.36,19.4534,37.079,124.4001,27.8264,57.532,5856.6,76.8569,26.1339,13.6151,59.847,6.7128,32.098,110.12,108.23,60.386,48.2302,7.9,5.2911,19.6367,47.64,17.3984,6.0422,30.8582,703.35,1675.8,58.833,97.1997,28.2897,38.9562,24.6609,43.9918,36.3617,29.8663,45.9568,28.0958,2.876,72.2222,100.29,22.8378,37.941,89.7,16.8551,15.7866,34.511,20.8791,15.5717,46.1718,18.0492,75.7175,17.6223,24.3604,29.37,55.8212,21.2311,19.7112,53.4211,38.4917,55.8838,22.8244,41.7274,10.6839,35.08,26.605,21.7891,35.6133,23.4329,30.5744,5.1669,32.3652,4.4129
31/01/2013,260.32,19.2146,41.407,133.0324,31.4307,62.1951,6224.7,86.4946,30.6564,14.0752,69.792,7.5233,32.6662,125.04,108.27,61.498,51.7099,7.11,5.5411,20.751,50,17.7333,6.3973,32.4282,745.7,1660.6,59.496,99.4676,29.5209,37.8698,26.1504,47.1331,37.3594,31.3366,47.969,27.0295,2.817,73.6957,108.3,24.4569,37.826,96.93,17.8329,15.1916,32.96,21.0011,16.2693,46.8569,18.7528,77.4389,18.6705,24.7636,30.44,52.4888,22.0993,20.3296,49.4358,40.1389,59.1534,22.4557,43.3027,14.2516,35.87,27.391,23.0041,37.1745,24.3079,31.1952,5.3053,32.9286,4.6083
28/02/2013,257.11,18.1779,45.742,127.303,29.8365,64.332,6406.2,83.7647,34.7093,14.4799,65.972,7.0949,32.5507,135.54,102.85,63.094,53.0047,8.39,5.6819,20.1808,52.51,17.4229,6.2711,32.0139,732.6,1578.1,62.294,100.7471,27.8885,35.972,26.3531,48.834,36.2312,30.7116,47.7996,26.5501,2.6879,70.2634,90.76,24.508,36.962,102.16,18.0069,14.3028,33.348,20.8333,16.133,45.5033,19.2985,83.3096,17.3989,24.206,27.54,54.3568,21.2054,19.611,48.1298,38.7754,58.4023,22.6568,41.0332,13.9082,36.74,26.65,20.1529,34.2507,23.1541,30.9883,4.9161,32.6849,4.5106
29/03/2013,256.63,17.8769,48.855,140.9432,28.0568,65.7249,7077.6,94.6227,35.17,13.6389,63.193,6.8205,35.203,135.3,104.41,72.7,55.5537,8.43,5.7918,20.6669,46.99,19.1637,6.5372,33.9339,768.25,1594.8,65.822,105.9061,27.6485,32.1433,27.8955,51.3117,39.2012,32.7205,46.4067,23.8795,2.5766,72.3659,87.7,25.0193,36.59,104.2,18.7759,13.0224,34.146,21.2909,15.9084,44.9668,19.4133,84.3732,17.691,24.4548,27.43,52.3654,21.0334,19.3937,47.6521,38.9073,57.3596,22.3552,42.6226,16.7154,38.86,27.094,19.1161,33.3477,21.9151,31.8271,4.4167,34.6774,4.9438
30/04/2013,265.1,20.2751,50.3,129.9484,30.6852,71.2141,7593.7,98.5718,35.5288,15.1384,69.7669,6.7706,33.8606,131.87,104.06,71.247,55.4185,8.47,5.4784,23.2344,46.62,19.9075,6.3759,34.8015,697.8,1472.1,66.49,102.8427,29.8113,31.4469,31.3152,53.1268,40.9433,36.0197,46.9688,26.9414,2.9007,71.746,85.85,25.9908,37.035,106.32,18.283,13.2136,36.085,22.0229,16.4056,45.5198,20.1744,95.6022,18.2925,24.0345,23.46,51.4755,21.893,20.4967,47.9133,40.6733,55.442,23.4612,41.3218,15.7836,42.1,27.866,21.3031,34.9185,24.1531,33.2579,4.842,33.4627,5.5865
31/05/2013,258.17,19.2241,57.026,118.7562,27.9873,71.8,7692,112.3203,39.9193,14.8052,76.2398,6.1341,34.0836,132.77,108.14,76.601,52.9564,10.12,5.3876,21.8308,50.08,19.6506,6.2028,34.0236,751.05,1392.6,69.381,99.5268,32.3676,29.1666,30.3886,51.6862,42.1001,36.5024,46.199,26.8338,2.9596,66.9615,96.64,25.3346,35.242,114.07,17.7985,11.1338,36.507,20.6351,15.7962,42.0036,17.5251,96.6297,18.7736,23.7857,21.435,50.7882,22.4775,20.8894,43.9877,40.6772,50.5818,22.8579,41.5551,19.3572,39.01,27.836,21.5623,34.6474,23.3942,31.2531,4.8086,33.6498,4.8944
28/06/2013,245.98,17.4389,56.348,110.4203,26.9223,62.9245,7778,105.7398,36.8794,14.5354,74.2135,6.0181,33.8073,126.98,98.52,76.008,51.7045,10.06,4.6302,20.3149,49.68,18.1361,5.0413,32.7602,660.7,1223.7,68.534,96.7411,31.4381,28.0469,29.4474,50.93,40.8472,35.2332,45.3436,22.9305,2.8766,66.4053,94.602,24.9348,33.369,111.92,17.263,10.1673,35.986,19.8736,15.0383,36.9075,16.5975,99.1862,18.1369,22.6923,18.97,46.876,21.6049,19.9533,44.1264,38.8699,48.0975,22.2881,40.0566,20.3563,40.55,26.578,19.5247,34.3601,21.8385,31.1653,4.3211,34.5307,5.1168
31/07/2013,256.5,15.8317,56.83,102.5073,29.3458,64.5422,7864,115.2285,40.31,13.8473,84.3825,6.0874,35.6472,139.95,108.14,76.518,52.3305,11.47,4.5716,20.2165,56.32,19.4474,4.7385,32.9059,726.35,1312.4,72.883,105.4769,33.0974,30.7164,29.9637,51.5782,40.8234,35.9312,48.9247,23.6613,3.0652,66.4601,132.31,25.9792,33.811,115.87,17.943,10.608,34.968,20.7049,15.7072,36.6046,17.0974,100.2056,19.9593,23.9767,19.14,49.1934,23.0219,21.7937,45.0174,41.8338,43.4836,22.8412,44.9297,20.2122,40.57,28.271,21.4921,37.4292,24.6698,31.0733,5.0387,34.9711,5.1498
30/08/2013,252.34,13.9454,63.1,104.6214,29.0018,63.1781,7986.9,116.4649,39.1605,13.5048,81.6714,5.604,33.9488,138.97,104.89,73.107,50.9533,11.43,4.4083,21.8958,56.07,19.2046,4.509,31.1906,722.1,1395.8,70.403,104.7735,31.858,31.327,29.935,52.565,37.8893,36.2686,48.485,21.9684,2.9633,67.308,135.53,25.544,32.953,111.22,18.2829,11.1415,33.418,19.2676,15.4363,35.6705,17.2591,99.2931,19.6367,23.7684,22.6,50.427,22.4446,21.3401,43.983,41.22,42.3301,22.5898,43.1806,19.1747,39.28,28.068,21.5582,39.0237,24.0389,30.0693,4.8942,33.938,4.8037
30/09/2013,269.19,14.8115,64.76,110.8518,29.3979,64.3935,9162,132.5276,42.2947,13.831,92.6472,6.2284,32.2875,134.7,115.22,73.11,52.7895,11.43,5.1146,23.141,56.56,20.2661,5.3903,31.5174,727.15,1326.5,73.017,108.5313,35.0381,33.8618,30.8368,55.2516,40.1493,35.7555,50.4165,26.2006,3.1723,67.3992,155.18,27.2238,35.324,113.51,20.7952,12.0693,34.806,20.7438,16.4375,40.3155,18.5748,106.2809,20.7528,24.5667,20.9,54.1894,24.3252,23.0093,47.7432,44.1778,44.8606,23.3271,49.0175,20.7913,43.08,29.527,23.3437,41.4412,27.4065,32.0706,5.6238,33.5473,5.3369
31/10/2013,278.88,17.4437,60.219,117.876,28.9549,65.1231,10330.4,132.2574,45.4515,15.0135,88.8338,6.0417,32.376,136.09,112.21,76.6,54.6674,9.48,5.5845,22.1033,58.02,20.6291,5.6037,33.1594,736.8,1323.7,76.88,108.9668,38.524,35.2091,30.7203,55.8566,42.4094,37.5087,53.2592,30.8266,3.4183,71.4384,160.799,28.0288,36.797,115.09,21.0619,12.7063,36.692,21.4585,16.7125,42.2047,19.6039,107.4348,21.8167,25.4736,21.095,56.3041,25.6635,23.8781,49.5479,46.0259,44.7354,24.3242,52.0681,16.6659,43.02,30.626,25.8979,43.7737,29.741,33.601,6.2839,32.9346,5.3286
29/11/2013,278.86,15.9664,64.055,110.8863,31.0501,68.6406,10121.3,108.7549,46.9333,14.4589,87.6002,6.1391,33.6441,132.75,110.74,81.805,55.2516,9.69,5.101,20.9429,61.86,22.3189,5.16,33.3871,718,1250.6,82.176,109.0351,39.0473,36.841,30.0749,56.9874,41.8939,38.166,52.7359,31.9584,3.4626,75.4229,166.57,28.0941,36.706,116.53,21.9051,12.1548,36.449,21.1012,17.0284,39.5077,18.641,103.8071,22.0346,25.2436,19.24,57.2998,26.7393,23.9081,48.4606,46.4961,42.4642,24.098,53.7399,17.6803,43.58,30.867,25.3441,43.1584,29.6937,35.619,6.3051,36.5048,5.4035
31/12/2013,281.06,16.5727,70.112,114.5365,32.0976,72.8492,11068.2,106.0275,50.1215,14.2224,87.9004,5.9686,34.4353,124.95,105.83,84.429,54.5005,10.28,4.9548,19.6883,64.499,23.1697,4.9359,33.9641,718.3,1202.3,85.427,113.0918,39.3732,39.1883,31.5091,57.8949,42.5283,38.505,53.2988,30.3148,3.4234,79.453,177.88,28.712,36.552,118.56,21.9825,12.0993,37.217,20.8816,17.0578,38.1001,18.3771,101.2088,22.6869,25.6532,18.71,57.811,27.7802,24.4635,49.433,47.863,42.5284,24.6216,56.339,16.7045,44.2,31.802,25.9439,44.4511,30.9097,34.9366,6.3968,35.8958,5.5617
31/01/2014,268.1,15.0569,66.874,113.8375,34.4586,70.7759,10455.8,94.9123,47.2476,13.7984,79.3918,5.3903,33.8164,121.59,105.47,75.561,54.9178,10.37,4.4712,16.8199,65.43,24.7814,4.1509,31.829,703.2,1240.1,81.975,102.5274,40.0704,36.9105,29.5281,56.9514,38.7775,37.1708,49.5113,27.4112,3.4726,69.6787,156.5,27.8504,33.399,111.6,22.2837,10.7902,34.582,19.3753,15.8323,33.4613,17.3741,95.2651,21.2783,24.5711,18.45,52.7781,26.0921,23.1135,44.2283,45.6734,36.3698,23.1702,52.9843,15.2167,41.25,30.324,25.8607,41.4765,30.3567,31.6922,6.2324,39.9708,5.0289
28/02/2014,281.06,16.1637,62.951,112.0944,41.286,73.8504,10741.1,102.4765,47.9481,14.7362,80.8083,5.9343,34.4106,122.04,107.62,76.737,55.5855,11.87,4.9538,17.3717,67.42,27.2023,4.6745,34.1508,743.85,1321.6,85.469,108.4799,44.662,39.7925,30.299,61.9618,41.1089,40.885,52.0397,34.3305,3.6547,73.2073,170.93,29.7825,34.528,115.78,25.3466,11.2424,36.064,20.0888,16.71,34.9621,18.8144,95.7134,22.4857,25.6708,20.35,54.6017,27.7365,24.9794,47.6394,49.027,39.1985,24.0069,55.854,16.9557,42.27,32.38,27.6247,47.0846,31.8072,30.4586,6.5282,45.0137,4.8457
31/03/2014,280.82,19.7439,61.249,119.0151,40.3945,70.6341,10478.7,93.7167,46.6908,16.3265,87.5815,6.1074,36.6911,121.59,105.31,71.533,55.5437,13,5.5293,19.008,67.63,26.0462,5.4426,35.6073,777.1,1283.4,82.335,107.5134,44.4805,39.537,29.5729,63.3324,41.4578,39.0505,52.7998,34.8521,3.8512,74.1373,152.27,29.887,35.866,124.97,24.7613,10.9727,36.817,20.7072,16.3788,38.4029,19.5082,95.442,22.8531,25.9963,19.04,54.9861,27.4216,25.1084,50.7515,48.7187,40.774,24.5703,56.7015,18.5967,41.25,31.36,29.4719,48.1865,32.6968,30.0459,6.9105,47.6754,4.6905
30/04/2014,283.63,19.2723,61.968,130.5509,40.1644,71.9316,9694.7,91.9037,44.4456,16.3917,77.1256,6.0216,36.2971,130.91,114.67,69.929,58.5737,13.43,6.0901,21.5006,64.06,31.7347,5.9244,37.2387,812.5,1295.9,85.572,105.9515,45.8691,38.4464,31.5035,64.7627,42.6631,40.4684,53.9691,36.8305,3.8201,73.8455,153.85,30.4875,36.146,128.85,25.7187,10.7803,37.405,21.5792,16.7928,40.1126,19.9456,91.6547,22.4857,26.8672,18.46,55.9158,27.7102,25.8307,51.403,50.008,41.2036,24.9972,55.3086,17.1572,40.34,32.776,30.021,52.3294,33.6344,28.3115,7.3367,44.0844,4.5296
30/05/2014,287.77,21.6687,65.072,136.6739,37.4125,73.0345,9734.1,83.8238,47.9243,16.7668,81.3804,5.8472,37.105,135.08,118.07,73.146,60.5564,14.655,5.7723,20.5302,64.48,28.9848,5.5612,37.7672,835.65,1245.6,90.877,111.1378,45.8354,36.3857,31.7874,67.0868,43.8056,39.883,55.6011,36.6533,4.0052,71.0362,165.8101,30.6877,37.213,128.34,24.2606,10.397,37.687,21.9756,17.5795,39.6436,20.0285,95.6195,22.6782,27.008,18.079,57.7752,28.1126,25.9683,51.8552,50.3964,41.9556,25.7997,55.7659,15.7372,42.16,33.096,29.422,51.6143,34.2996,29.9099,7.5282,45.876,4.7667
30/06/2014,291.95,22.6979,71.656,135.9916,40.8723,72.4876,10878.7,94.1768,44.5811,17.4437,88.3832,5.8474,36.3079,133.45,113.91,68.825,59.2203,13.45,5.8933,23.1274,67.03,29.8318,5.827,38.0527,843.15,1322,88.104,109.8261,46.0886,38.4393,31.5585,67.4369,43.6987,39.5429,57.7097,38.4446,4.2359,71.5005,186.81,30.5546,38.106,126.56,22.7059,10.7884,37.979,21.7393,17.7462,41.5555,20.0021,101.1567,22.8103,28.5471,20.25,58.1238,27.9121,25.5886,53.1463,50.3517,41.1778,26.9778,55.4597,16.311,44.14,33.363,29.3287,53.6581,34.7802,29.9298,7.6755,47.6297,5.207
31/07/2014,288.63,22.9791,76.85,129.3875,40.7485,71.0887,11137.1,91.314,39.4981,16.6753,89.2266,5.7775,37.5082,133.28,104.04,55.136,58.2289,12.525,6.3142,23.4842,67.87,29.2216,6.1359,36.3059,873.7,1281.3,84.202,103.7424,43.5731,40.5709,31.2188,64.7627,42.9591,35.7646,60.1669,38.7005,4.3345,72.8841,216.05,29.2013,38.626,125.43,20.633,11.7017,37.763,22.6076,18.6981,42.1817,20.3543,99.7449,21.4827,28.5028,19.58,59.0893,26.0115,23.9032,53.4866,48.1764,39.4806,26.8923,51.8201,17.9256,43.99,32.564,27.5737,47.9356,33.2288,29.8358,7.4908,48.611,4.9953
29/08/2014,289.56,24.0893,80.839,135.6417,40.6688,72.6848,10959.9,113.4761,42.6363,17.459,91.0839,6.113,37.6538,134.37,106.83,52.896,61.4184,12.63,7.4553,25.5546,71.02,30.9163,7.3289,37.3361,908.65,1286.5,87.591,103.4404,41.9946,38.6665,30.3133,66.9229,44.9562,36.7943,60.5419,47.6254,4.3493,72.3641,214.52,29.9403,39.719,137.25,20.6189,10.6498,38.385,22.4468,18.5622,46.7043,20.7906,96.6424,21.9193,29.1232,18.71,59.3575,25.8062,24.2016,54.6004,48.5291,39.3535,28.1901,52.569,18.587,43.26,32.82,26.9493,49.0206,32.912,29.1258,7.4532,48.0345,4.8852
30/09/2014,274.9,22.5816,78.654,134.1722,42.1377,72.918,11758.6,107.4181,45.3828,16.8253,93.6424,5.4924,36.2958,133.03,104.12,54.811,60.5564,13,5.7489,22.8036,69.24,29.0575,5.7284,35.5058,775.15,1210.5,94.736,101.3094,38.8334,35.3856,28.9996,70.1186,46.378,34.4487,58.2431,43.1979,4.4155,67.0062,218.23,28.9431,36.634,138.14,20.2374,8.9781,36.831,21.4499,17.2788,37.7896,18.3257,100.4234,21.5094,27.2,16.35,54.0922,24.7176,23.3063,49.6114,46.6001,38.7001,26.0729,49.9552,17.5463,43.15,30.967,26.4768,48.4776,31.5962,29.4796,7.1376,49.1595,4.8112
31/10/2014,271.97,25.4176,86.973,140.8288,39.9786,73.7259,12946.5,134.6063,43.3605,18.3595,94.4573,5.6799,35.4715,128.28,109.5,53.733,60.6857,14.43,6.116,24.9699,74.25,29.6677,6.0255,34.0906,791.8,1171.6,96.505,103.5656,38.3861,34.5149,28.7295,69.0459,38.0032,34.089,58.5698,46.5482,4.3929,63.264,238.77,28.8185,37.154,140.16,19.8825,8.5341,36.759,21.3373,18.3667,37.607,19.4663,103.6873,21.1709,26.5175,15.5,52.4116,24.2982,22.4284,52.8988,45.714,38.7001,26.8413,47.2995,19.2776,44.21,30.375,25.1437,45.0477,30.719,27.6221,6.729,51.6472,5.0427
28/11/2014,273.53,25.8345,97.364,144.9049,40.2264,78.461,13523.7,139.342,44.6312,19.5684,100.143,5.5694,36.9179,138.41,116.9,59.097,62.539,14.055,6.2428,24.9315,77.31,30.1679,6.2301,36.036,812.4,1175.2,103.079,108.1571,37.5078,33.5292,31.2014,71.9958,39.688,35.2832,60.1993,45.125,4.6304,65.2976,245.11,29.5485,36.581,148.69,20.7697,7.6206,34.893,21.5624,18.4262,36.3981,18.0884,105.2083,22.1955,26.5353,14.83,50.8472,25.6902,23.0956,52.659,46.6592,37.8106,26.9949,49.5063,21.3882,42.6,30.407,25.1099,41.8435,31.3606,26.0742,6.8287,52.398,4.9398
31/12/2014,263.38,24.6031,91.347,140.1115,37.4479,81.1694,13274.6,126.3842,37.6671,18.6596,102.1803,5.2888,37.3279,132.91,119.76,53.547,62.8838,15.165,5.395,22.3818,78.57,28.6264,5.4714,34.6164,798.4,1184.1,96.696,100.1594,39.2635,33.1407,30.5148,69.0236,37.4854,32.4651,56.8416,41.7846,4.4538,64.6755,227.97,28.2131,35.131,150.15,21.302,6.9186,32.94,21.4437,17.6176,32.2042,17.524,107.2162,21.373,25.9403,15.06,50.0158,24.4588,21.834,50.8192,44.4709,36.2585,26.314,46.989,19.9098,41.45,29.386,23.111,39.0592,28.9774,25.541,6.3914,52.8854,4.7426
30/01/2015,262.83,27.6234,100.663,126.0636,39.43,76.3707,13689,122.6917,42.9961,18.9348,98.4941,5.6735,35.8102,150.8,129.94,56.725,60.7288,17.89,5.0281,22.9201,77.17,28.8948,5.1103,37.6009,772.4,1278.5,109.371,103.7061,40.411,31.752,32.8219,72.5545,37.8799,33.4222,47.03,48.7422,4.8764,60.6919,217.92,28.2665,34.89,143.91,21.4174,5.9459,31.693,20.9355,18.5868,30.214,17.3264,110.0957,21.449,23.7651,16.54,50.3414,25.0299,22.0997,52.9831,44.7,34.6406,26.523,45.375,22.6526,42.38,29.402,23.2979,39.2957,27.3039,26.1467,5.2511,52.2877,4.5453
27/02/2015,276.48,30.0619,92.504,127.0258,42.2527,81.8238,15073,129.6509,50.402,20.4522,102.0382,5.5615,35.2194,152.99,148.42,64.28,64.1337,16.415,5.4325,21.9345,83.49,28.8108,5.4213,38.0065,818.45,1213.1,112.629,105.4675,45.7427,35.4935,33.1607,76.279,40.1565,36.5526,52.0414,48.6433,4.8596,65.1769,203.75,29.6643,36.428,147.41,25.1171,6.2758,33.159,21.0174,18.6211,31.1563,18.7176,115.6667,22.8795,25.1853,15.87,51.2279,26.5023,23.4727,53.673,47.4238,37.5493,27.8639,48.4249,27.545,45.55,31.13,25.2862,40.9129,29.2619,28.6731,5.7142,52.7558,5.6002
31/03/2015,271.01,28.5493,97.368,123.0109,47.9545,85.1502,16207.3,121.389,55.0569,19.5768,95.7366,4.9881,35.1582,152.82,148.64,68.325,63.2717,17.205,4.7052,19.113,81.97,28.6143,4.5829,35.9386,735.3,1183.1,119.256,98.1198,45.9239,30.52,33.6459,75.4193,40.6332,35.5737,50.1632,44.5321,4.7761,67.0155,208.4,29.5663,35.882,144.32,23.6586,4.7787,32.475,20.9847,18.8098,27.625,18.0694,121.2332,22.6024,24.4303,15.93,51.7798,26.6272,23.0121,52.544,46.2676,36.6221,27.4111,46.9411,26.0471,46.21,29.353,25.1502,38.4195,29.103,28.4944,5.8477,57.641,5.3953
30/04/2015,283.87,27.5555,118.534,135.389,50.5413,85.1055,15881.2,141.0162,56.4779,20.3772,102.1462,5.4817,35.2814,140.8,143.5,67.816,64.7153,16.435,5.454,20.746,83.48,28.6352,5.2826,38.0263,776.5,1182.4,110.398,98.5192,48.3359,33.0191,35.0598,77.8591,41.5454,35.5737,55.7781,41.1729,4.7562,70.2841,200.28,30.7504,38.341,141.21,25.2485,6.7147,33.257,22.4273,20.4052,31.8872,18.433,120.4792,23.3445,26.174,15.43,55.3349,26.4309,24.0573,55.4213,48.2302,38.3764,28.6302,47.1971,29.4027,47.43,31.309,25.9489,41.8546,30.0569,29.1641,6.0364,55.9015,6.1587
29/05/2015,278.32,28.9032,131.1,125.2626,50.7299,88.2195,16577.9,143.7903,56.4779,20.2438,107.1657,4.9794,34.4554,136.45,148.59,67.792,64.7153,16.44,4.5537,19.5285,84.72,28.2463,4.3511,38.3127,776.75,1189.4,113.028,98.4659,47.6834,32.2671,35.2738,78.5704,41.9548,34.6502,53.3869,38.2841,5.01,69.7305,197.4,31.5161,36.767,143,25.3298,5.5081,31.376,21.1158,20.3108,28.4176,17.8165,119.4999,23.7557,24.9696,15.99,52.2863,25.9758,23.8535,50.9682,48.3668,37.5038,28.456,45.683,30.0738,48.13,31.504,26.4417,39.0617,29.1364,29.7643,5.6992,55.916,6.3929
30/06/2015,269.88,29.5279,134.303,123.2923,49.185,88.8992,16333.1,140.4887,54.0628,19.5323,99.3692,5.3119,36.1728,136.62,144,65.277,59.9215,15.98,4.6641,20.344,79.55,26.6406,4.5614,37.28,672.65,1171.8,109.613,102.9739,45.7436,30.3799,33.3292,75.2128,42.0567,32.5261,51.3062,34.4557,4.8079,66.2675,199.08,29.8479,35.69,136.11,25.393,5.1497,29.978,20.8993,19.6039,29.3886,17.0235,115.9121,23.2404,24.1566,15.03,49.8529,25.3117,23.1764,51.7525,46.7839,35.1526,27.4808,44.0475,27.613,47.48,30.286,25.7531,38.5469,28.5266,28.1813,5.627,54.9856,6.2628
31/07/2015,268.79,30.4742,128.523,117.062,52.9574,94.7138,15452.9,129.5728,60.0078,19.0162,94.636,4.9462,38.1628,149.8,156.42,70.41,64.9816,17.69,4.0669,20.344,80.77,28.2588,3.9563,39.3367,610.85,1094.9,116.628,99.6639,51.4925,28.4706,34.7063,79.3505,45.8438,33.924,49.456,29.6477,5.2321,67.6263,172.66,31.0782,33.438,142.74,26.8384,4.5989,30.077,20.0181,19.3172,25.7296,16.9345,115.6607,23.9731,23.1422,14.08,46.2978,25.7202,24.1222,49.2535,48.0319,32.9394,25.6174,46.4509,27.5741,47.93,30.767,26.7736,38.641,29.1303,29.7061,5.5089,64.215,6.3582
31/08/2015,247.65,27.801,103.479,97.6079,49.6431,86.5936,13942.2,109.1092,53.9606,17.0983,86.8586,4.5891,36.6108,130.31,136.22,63.129,63.2949,16.695,3.4737,18.5344,78.01,26.5101,3.1761,35.2329,601.55,1132,104.864,96.2215,50.6196,27.7979,31.8497,74.3562,41.5388,32.3809,47.0912,25.3095,4.9315,63.4651,147.25,29.0003,30.483,134.04,26.8926,4.3278,25.225,17.5906,16.7537,22.3127,15.097,102.5919,22.1367,21.9828,13.99,43.2764,23.9136,22.5369,45.4732,44.6605,32.3031,23.2664,43.0106,25.0745,44.93,28.311,25.5975,36.3753,27.2342,27.5367,4.9265,60.2209,5.7597
30/09/2015,235.57,29.801,111.799,94.3951,48.718,90.2587,13153.5,90.3829,49.1488,17.8465,83.9576,4.2969,31.3756,124.55,139.47,68.17,65.026,18.11,3.1431,17.3085,79.33,26.9677,2.6746,35.6437,650.95,1115.5,99.313,97.506,50.0024,25.6025,32.2498,70.3027,40.3075,30.4189,46.8285,22.4907,4.8436,61.1345,137.41,27.8793,29.529,130.4,24.1367,3.6721,24.532,16.909,16.6147,19.6851,14.506,103.0543,21.1687,20.8325,13.87,44.1268,22.461,21.6812,42.4522,42.8205,30.3942,22.9181,38.7416,23.9068,42.37,27.199,24.7673,35.604,25.219,26.3075,4.2712,52.7879,5.3454
30/10/2015,252.89,29.8254,134.518,100.4479,47.7659,99.5287,15719.9,97.6385,58.856,18.8872,88.5477,4.2706,35.7118,143.79,155.41,77.109,67.1121,27.275,3.2542,14.9151,84.94,27.027,2.7171,39.1504,677.25,1141.4,104.979,104.1005,54.12,27.6389,33.934,69.1631,42.7445,34.0661,48.6838,29.5578,5.2915,74.2691,187.47,28.9547,31.411,136.02,24.8825,3.8868,25.472,18.4885,17.8225,20.5101,15.3155,107.7466,22.6162,21.5571,14.8,49.1926,24.6126,23.2305,45.0462,45.3455,32.174,24.2068,43.631,27.7123,45.67,28.991,25.6148,38.4071,26.741,29.1494,4.5239,55.3404,5.6789
30/11/2015,247.3,28.3522,155.644,93.7295,49.3736,99.5473,16496.3,122.3236,63.5748,19.5753,88.4809,4.1829,35.9601,139.52,145.47,86.589,67.7779,26.5,3.3653,13.8546,87.29,28.8577,2.6794,37.7412,541.95,1065.8,109.252,103.6301,54.7837,25.0423,32.957,65.1936,37.5479,32.4779,48.7009,31.5569,5.4006,74.5427,217.97,28.1527,30.618,134.09,26.665,3.0042,26.24,17.4743,17.4576,20.1963,15.4531,109.3283,22.3719,21.077,13.44,47.7814,24.7397,22.69,42.2229,44.7795,29.9147,23.5624,45.1841,25.2924,45.89,28.51,24.8884,39.3786,25.8908,28.7535,4.4096,59.1821,5.6701
31/12/2015,242.35,30.0498,169.26,86.3721,52.167,97.0219,16585.3,113.5924,57.5926,19.5667,84.7115,3.945,36.5485,134.74,133.92,85.306,66.18,26.67,3.1171,13.6082,81.38,28.7729,2.505,37.979,562,1060.2,100.749,98.6639,52.6301,22.0445,31.4031,65.8055,36.2148,32.3496,45.8997,29.4578,5.3347,74.6371,189.04,28.2894,29.449,132.04,26.2103,2.9329,25.877,17.5159,17.4108,18.7517,15.7817,108.1156,21.6998,19.7382,13.19,46.0146,23.7774,21.8871,37.6061,43.6086,29.5408,22.9311,41.7243,24.0141,45.25,27.323,23.8367,36.3153,24.4742,28.2619,3.9768,61.7307,5.4595
29/01/2016,225.74,29.4303,145.82,89.9576,50.182,97.9875,13826,97.5977,53.7098,19.2226,87.6411,4.1307,35.0635,133.64,136.97,90.09,66.757,25.345,3.0134,11.9441,78.81,27.3067,2.3824,38.9919,498.5,1116.4,89.839,97.3975,55.5491,18.6606,31.8265,59.6334,35.3572,33.1033,44.42,24.9697,5.3576,75.2976,163.27,26.576,27.967,129.77,24.4823,2.1841,27.114,15.9994,15.7857,17.981,14.683,105.4708,21.272,19.1966,13.59,44.2266,22.0887,21.0553,36.8976,41.1868,30.1979,22.141,43.4619,23.3018,42.94,26.002,20.9395,35.8063,22.8207,23.916,3.4654,57.8185,4.4501
29/02/2016,222.66,25.7668,125.713,104.0512,46.1671,93.0854,14441.7,101.0947,55.5304,20.2547,86.8586,3.8662,37.8514,138.51,142.14,92.694,62.2296,26.37,3.1042,12.5743,83.07,25.0843,2.7658,37.9983,495.6,1234.4,83.348,93.9545,56.795,20.541,31.2449,56.4706,33.5825,31.9816,44.186,22.2208,4.9555,71.0892,173.42,25.8195,27.738,134.17,23.2364,2.6209,26.177,16.5276,15.8911,18.5794,14.3834,91.473,20.6986,19.8576,14.2,43.1612,21.2081,20.5219,36.0684,39.8579,30.7162,23.0568,41.9576,20.6086,40.66,25.19,19.569,36.1214,21.6779,22.7565,3.3,52.603,3.7654
31/03/2016,239.86,30.0645,134.716,116.2722,49.5294,107.1419,15216.3,117.2321,54.2021,22.5339,95.8002,4.6144,39.469,135.41,139.09,97.205,63.7832,27.6,4.2354,14.0345,87.47,24.6381,3.8947,40.0926,564,1234.2,89.908,98.7804,58.2633,22.2489,33.2175,57.5268,34.1005,33.5364,49.8989,29.038,4.8699,75.8826,190.88,27.0955,31.333,141.88,26.1095,3.753,29.788,18.5041,17.3669,23.8477,16.0814,95.1885,22.3916,21.7671,14.68,48.9327,23.3598,21.8599,42.6782,42.6588,34.1496,24.8884,47.9386,25.1863,42.6,26.544,21.165,37.2519,23.5306,24.3919,3.606,50.6257,4.1051
29/04/2016,245.36,30.6694,132.014,131.1775,50.9917,105.8574,16646.5,124.2352,50.728,20.2891,92.1835,4.9797,42.4859,128.99,136.07,106.883,65.5039,25.37,4.7012,14.0345,82.87,25.338,4.2987,40.1289,627.65,1290.5,88.144,99.2017,59.207,26.4909,34.5355,60.3301,34.8987,35.4883,54.4129,30.3674,5.1549,74.1842,194.3,27.8975,31.461,145.48,26.9712,5.0546,28.585,18.5211,17.3757,26.7584,16.5891,91.0522,22.5008,23.3186,16.98,48.4047,23.8137,22.3752,44.8439,43.8369,35.288,23.4519,47.4765,23.5999,42.64,27.611,22.0498,41.6234,24.9677,24.0529,4.2067,51.515,4.1141
31/05/2016,240.08,31.3962,167.594,126.4688,51.2202,111.529,17449.6,135.7843,53.3067,21.261,96.607,4.6857,41.4674,127.23,135.08,110.599,67.2446,33.15,3.9531,12.337,84.97,25.9855,3.605,40.755,547.75,1214.8,76.414,99.9342,61.3397,22.0679,35.7029,63.1413,36.4865,35.4539,52.7398,33.4761,5.0652,77.7925,178.54,27.8337,30.3,140.54,28.361,3.5034,26.478,17.7544,17.3493,23.0679,16.1896,92.5832,22.6738,22.474,15.19,46.0979,23.5413,22.33,40.4642,43.6171,32.5764,23.9547,48.8698,27.2819,44.02,27.289,21.0783,39.7944,24.1885,24.9629,3.9726,49.4018,4.3913
30/06/2016,235.66,32.5766,182.088,139.2149,49.1546,106.2042,17149.8,140.0981,49.2245,23.4164,95.863,5.2647,43.5779,127.5,127.54,123.912,68.8478,33.01,4.6615,13.7483,79.68,26.4142,4.5378,42.8572,597.35,1320.6,80.785,103.3683,57.8003,24.6335,36.4526,65.5237,37.0621,36.2655,51.7588,34.6556,5.0577,71.9871,165.15,27.7408,31.681,144.79,27.4066,4.5108,28.076,18.6328,17.5483,27.5643,16.4192,89.5212,21.3768,22.6796,17.865,48.2379,22.3671,21.2084,43.8899,41.8398,34.6929,25.2296,46.4842,28.741,43.28,26.666,19.3556,40.0206,22.0734,22.7959,3.2784,47.8399,3.962
29/07/2016,247.03,34.0103,192.502,144.6272,52.0703,105.7542,18087.4,152.4576,50.0809,24.8001,105.9218,5.1842,46.2762,148.93,143.85,141.446,71.184,36.725,5.1628,16.68,76.88,29.8702,5.0587,41.8732,709.75,1349,85.748,106.7199,61.6119,25.8298,36.073,66.1193,37.7529,37.7132,53.9412,37.83,5.2379,83.857,159.6,28.2647,33.382,144.27,28.4999,5.1259,27.805,18.7185,18.7314,30.3641,17.6348,99.9157,22.2355,23.355,19.35,51.5637,23.8551,22.2099,47.9395,43.2924,36.2484,26.9894,49.1811,32.7167,45.38,27.065,19.9621,40.0206,23.2045,24.4068,3.5995,50.9543,4.5612
31/08/2016,247.98,35.1788,200.476,141.3347,43.1153,107.8073,17990.7,171.3007,49.7574,25.6571,102.9554,5.3187,45.1583,148.97,142.26,142.966,71.7337,35.04,5.537,16.73,76.74,29.0899,5.1901,41.8747,668.7,1307.9,85.789,104.6809,61.7027,24.0707,35.7551,62.5537,34.0688,36.7521,54.9677,40.77,5.0291,84.4135,171.07,28.2367,33.682,150.49,31.3166,4.698,27.703,18.1528,18.8479,30.6199,17.0692,108.0003,22.9373,23.4198,17.72,52.2029,24.3759,22.1357,43.5911,43.5883,34.4289,26.9894,54.1802,31.4927,46.21,27.36,20.1405,39.7294,23.4166,27.7277,3.8033,48.3016,4.9279
30/09/2016,250.42,35.2967,227.724,137.3115,38.3811,114.5288,18221.4,184.3654,51.2323,27.3087,105.8832,5.4622,45.999,157.39,142.35,148.596,70.1304,33.6,5.4693,17.06,77.61,29.1343,5.2809,42.7219,721.5,1313.3,79.481,107.9941,61.8207,26.6477,35.8642,62.7046,33.8209,36.4731,54.8261,39.98,5.1586,87.7145,182.07,28.5828,34.53,144.47,31.0146,4.903,27.466,18.6156,19.7262,30.8117,17.6433,105.4881,23.1405,23.7714,18.2,53.8519,24.4317,22.4046,46.5288,43.9321,34.7777,28.1925,53.1584,32.6065,47.19,27.481,19.6589,40.2598,23.6993,26.2023,3.7438,44.1032,4.586
31/10/2016,246.64,34.7517,243.055,134.1182,32.7979,110.1032,19114.3,167.4609,51.5273,27.764,102.0567,5.2918,45.9893,177.11,155.25,143.678,65.733,31,6.5634,16.72,84.56,25.109,6.2006,37.8749,618,1273.1,80.618,100.0742,59.8786,27.8046,33.9946,56.3992,34.4408,33.8346,55.8347,39.41,5.2924,84.2888,176.86,27.142,34.244,144.3,30.1104,6.1689,27.026,17.7414,19.3318,34.493,17.1199,105.1246,22.6049,23.4568,16.97,51.2765,24.0969,22.3026,45.8898,42.3814,37.6814,28.3003,51.4955,30.7607,47.53,26.024,20.1227,40.2935,24.256,27.0268,4.1559,40.9687,4.6768
30/11/2016,240.57,31.6781,212.657,141.3437,31.0076,113.1248,19404.6,157.3042,57.3509,26.5052,99.6508,4.5122,43.0025,179.7,162.37,133.247,62.6639,32.835,5.6907,15.23,82.33,23.1762,5.1551,36.3388,771.65,1170.8,78.903,94.2203,56.1231,30.246,32.2531,54.6044,35.6009,32.3322,57.9258,33.07,4.8407,79.8556,166.95,26.5245,32.732,157.44,30.8654,7.5685,24.799,18.0414,18.9733,30.5925,17.2549,107.7331,21.7277,24.0675,15.66,49.3403,23.0925,21.7462,42.1887,41.3897,35.3245,27.6,51.0243,28.5418,46.94,26.076,19.4002,40.226,22.2413,26.9452,3.8811,36.1376,5.4487
30/12/2016,246.39,29.7928,204.344,142.3991,33.0932,110.9463,19893.2,155.7771,59.7964,25.666,108.4148,4.5023,42.9735,186.97,171.54,144.496,66.924,33.8,5.7491,14.76,84.46,24.2224,5.2527,36.9932,683.25,1151.7,88.428,96.7331,59.3036,30.6848,34.5545,57.8445,35.8134,32.9482,60.5085,34.39,5.3138,82.9358,164.41,27.5802,32.65,162.98,32.0494,6.8336,24.835,17.6372,17.6458,30.8423,17.5341,106.5243,22.5887,24.4387,15.11,49.8968,24.6355,22.9601,43.9167,43.4267,35.2914,26.9923,55.4693,27.5207,46.5,26.991,21.7948,43.5886,24.0304,26.6356,4.4478,35.0639,5.594
31/01/2017,255.02,33.8434,240.935,147.6491,33.3793,107.8584,21763.5,184.9591,59.7203,27.5943,117.3044,4.9629,46.4334,194.3,176.46,140.887,66.2368,30.42,6.6079,14.13,98.77,24.1426,6.234,37.3659,754.3,1208.6,91.646,104.2621,59.487,35.7351,34.5403,58.7021,36.1145,33.6326,64.7975,38.96,5.0845,87.8104,175.07,28.7692,34.822,164.14,32.1799,9.1294,25.843,19.2655,19.0498,34.1078,18.4095,105.2064,23.1406,25.4013,16.63,54.2658,25.5938,23.2766,46.0136,44.713,36.6684,28.9682,58.8902,29.72,48.13,27.66,21.3717,43.238,24.9096,27.1193,4.8261,32.3362,5.8028
28/02/2017,258.61,35.1985,289.483,148.4971,32.6041,116.0328,21560.1,210.3799,65.9625,28.0943,117.5846,5.2391,49.3507,202.72,179.16,151.919,68.0233,34.625,7.2962,12.99,98.91,26.803,6.3826,43.5148,770.7,1253.9,92.783,107.4837,62.3376,34.0531,35.2758,62.0772,38.1957,35.9829,65.5188,33.59,5.4679,89.4129,174.13,29.0594,35.429,171.42,31.4807,9.2819,26.091,19.7522,19.5752,34.9034,19.0249,102.8432,23.8047,24.9434,17.37,54.9033,25.6031,23.1835,46.1226,44.9757,37.9982,29.7678,60.6772,30.3974,48.76,28.064,21.2907,42.7334,24.7465,28.2599,4.6959,34.1994,6.039
31/03/2017,264.16,36.9316,270.393,147.3063,32.2733,113.5511,22152.3,211.1282,67.8752,29.3173,128.3198,5.3036,50.3904,213.93,194.67,171.545,70.4053,40.045,6.888,12.25,102.66,28.5251,6.1868,45.2194,798.15,1247.3,96.172,108.6778,68.1029,33.3642,36.5096,61.1045,40.0732,36.5728,65.7352,35.65,5.8436,94.2012,172.52,29.9394,36.734,166.68,33.2645,8.5196,26.967,20.1858,20.155,34.6536,19.5969,100.4837,25.0768,25.1209,17.25,58.0067,26.7474,24.6726,46.2904,46.9682,41.0822,30.5398,63.9445,33.2104,49.02,28.627,23.1722,43.6945,27.5656,27.8073,5.2687,31.338,5.8285
28/04/2017,269.19,39.0871,252.675,141.9507,36.4158,116.0881,22261.6,228.54,71.9973,29.5226,128.6669,5.2759,54.1021,251.08,216.92,176.798,72.39,43.5,7.022,12.44,104.01,27.7098,6.3778,47.0524,826.7,1268.3,101.05,110.4174,72.9521,32.6588,38.5104,63.3753,41.8886,35.4798,62.3068,35.67,5.7538,96.1299,180.23,31.119,37.359,165.21,34.3522,7.9483,28.038,20.3363,20.7438,34.3853,19.4669,100.0396,26.2647,24.5415,16.3,58.2223,27.6126,26.0779,49.0499,48.7989,40.4974,31.0269,66.9401,33.9882,49.36,29.111,23.8113,44.3445,28.9343,26.7413,5.7111,30.84,5.8285
31/05/2017,276.68,43.1082,272.142,154.7545,39.8898,119.1219,24999.6,274.6653,70.8722,31.567,128.8036,5.2575,57.785,262.62,217.55,165.637,78.0565,49.53,6.2308,13.36,112.05,31.5022,5.6427,51.3545,819.85,1272,107.879,114.6392,72.6065,33.0607,41.355,67.275,45.4167,38.8225,62.8709,36.83,6.1861,104.5997,186.1,32.7012,38.422,165.28,34.1631,7.7537,28.223,20.9646,21.4232,32.5352,18.6262,99.4846,27.5461,24.448,16.39,63.4914,28.8593,27.353,49.8802,51.1942,40.4691,31.5967,66.759,36.0558,50.72,30.439,25.0897,45.9242,30.2487,25.6661,5.7287,27.2072,5.7182
30/06/2017,276.83,42.9515,287.288,165.72,40.3793,118.3659,24517.6,250.6214,69.8344,32.2198,127.1641,5.1017,58.9834,266.01,209.07,163.786,78.8121,49.68,6.3134,11.79,109.08,31.2274,5.6599,49.9695,836.65,1242.3,103.718,112.674,69.8042,34.701,40.3936,68.6737,43.8781,37.8482,65.9826,33.01,6.0423,101.7892,178.86,32.8039,38.778,169.37,33.5483,8.1058,28.359,21.1303,21.5814,31.8391,19.1964,97.1534,27.387,25.2126,15.71,63.5757,28.7047,27.2252,47.9592,50.9313,39.9379,32.865,64.5512,37.6016,51.39,29.96,25.4764,43.5446,30.048,25.3714,5.8601,32.8424,6.2054
31/07/2017,286.63,47.7963,297.466,171.0318,39.918,123.285,25352.4,288.1227,68.4765,33.1414,146.7008,5.65,58.9249,263.6,203.71,187.603,77.1593,53.43,6.8077,11.79,105.78,27.6457,6.4554,52.6194,885.4,1266.6,97.729,122.7727,70.7477,38.8592,40.0216,70.097,43.3744,35.5661,68.4668,34.44,5.9603,102.9367,226.35,32.9568,41.036,174.97,33.17,9.2915,28.341,22.2307,22.3643,35.2525,20.0995,104.3876,29.1005,26.2867,15.9,65.3477,29.122,27.869,50.8594,52.3722,43.5704,33.637,63.3097,40.4373,52.46,30.67,27.2725,44.4929,31.2283,25.9549,6.0718,31.8043,5.8561
31/08/2017,287.4,48.1173,264.391,187.383,45.2949,125.1417,28453.2,258.2036,68.4862,34.0722,152.5364,5.8172,60.6027,281.27,210.94,183.292,76.8288,55.96,7.377,13.44,111.87,27.7448,7.1442,54.1403,931.95,1318.5,98.417,128.338,72.2515,41.221,40.8719,69.3483,44.7299,35.7577,68.0077,29.86,6.1365,102.0615,228.05,32.8039,42.001,181.16,33.0186,10.2549,28.565,22.1502,22.742,37.3042,20.0553,104.5171,29.0058,26.2584,16.65,64.1945,29.1694,28.1151,52.8633,52.4092,46.1486,34.4457,61.2187,39.0195,52.41,30.418,27.7582,45.6959,30.844,26.029,5.8569,15.7616,5.5895
29/09/2017,292.07,47.5938,252.86,189.3969,45.799,129.2665,29715.5,258.8083,77.9915,34.6068,167.067,6.1239,61.2963,300.67,223.58,186.248,76.5927,58.16,7.9172,14.41,114.02,31.5116,7.4371,53.9078,936.85,1281.5,105.593,126.161,75.1005,39.6336,41.0845,70.6318,45.5999,36.0866,71.0288,31.27,5.878,106.6322,247.69,33.4923,41.982,183.32,36.0393,9.3286,28.967,21.855,22.742,38.8803,19.8693,111.899,29.7158,27.2665,15.74,64.7477,30.753,29.251,49.6757,54.0917,46.599,33.1775,66.0448,36.877,53.37,31.326,28.7388,47.6348,30.8714,27.5781,6.2438,17.4908,5.994
31/10/2017,297.37,45.5838,270.218,193.4801,47.3589,137.5628,31247.3,240.197,85.1107,39.0121,176.3864,5.8823,62.9764,351.03,245.27,186.361,79.237,65.5,7.4054,13.47,117.71,32.0883,7.1048,52.6894,979.15,1270.5,102.53,130.8205,78.5099,40.2551,43.0121,67.9414,43.3011,32.3802,72.4093,32.76,6.2053,111.0569,243.94,33.0142,43.359,186.94,35.7157,9.0692,28.762,22.839,22.7328,37.4627,20.0995,116.4343,30.0093,27.1252,15.79,70.0918,31.3599,29.7149,50.6565,54.342,49.0143,35.0155,67.2304,42.8718,56.18,31.515,28.3722,49.5928,30.9629,29.0055,6.1069,13.7144,6.3198
30/11/2017,299.37,47.9544,315.767,199.6321,49.2423,143.0224,32281.8,275.0106,84.6645,36.4961,171.2827,5.7522,64.1694,332.52,234.16,171.011,79.5676,64.43,7.2576,11.79,104.29,30.5723,6.5843,52.9286,1006.6,1273.2,98.235,132.2146,80.8327,40.2299,42.7909,70.5907,41.7992,31.608,72.5482,31.19,5.9674,110.2303,238.58,33.4445,43.191,193.01,32.9932,9.9122,29.298,23.6531,23.6355,36.0918,20.1615,118.6315,29.8484,27.2665,15.51,70.4574,31.5211,29.6865,54.1317,54.3142,43.0528,34.0965,63.4964,46.2197,57.39,31.479,28.4181,50.3316,30.7799,31.1047,6.0616,14.82,6.6362
29/12/2017,305.67,50.2113,331.483,196.2265,51.0495,147.9312,31391.5,314.66,80.5036,36.5422,169.6237,6.0933,63.2979,350.58,236.56,162.673,79.1426,64.14,7.5479,11.26,103.62,32.2743,7.0699,51.8603,1061,1309.3,95.037,139.4331,80.183,44.4545,42.7851,69.0768,39.3813,31.9776,75.6521,33.07,5.7778,109.2676,234.21,34.0181,44.815,198.22,34.3544,11.4524,30.857,23.7718,24.0797,38.1263,21.02,119.4109,30.208,28.2833,15.99,72.3365,31.3915,29.6438,59.7387,55.145,50.039,34.2294,64.6633,44.3927,57.79,32.805,28.0495,49.8664,30.5139,32.0126,5.9257,18.95,6.7665
31/01/2018,322.57,53.6289,307.554,219.1194,52.7901,155.2848,33037.7,387.1,89.7178,41.7585,198.0602,6.48,70.5344,365.57,243.5,181.943,75.9505,68.94,9.5254,11.13,103.41,32.6092,8.7733,52.9192,1023.55,1339,96.444,137.4566,81.9251,47.1253,43.9445,74.0955,40.2331,33.8168,80.0534,30.96,5.9939,110.1331,246.92,35.5383,48.534,214.38,35.5919,12.2577,33.328,25.2295,25.1975,43.9136,21.5643,129.505,31.9597,28.5123,16.35,75.5319,33.2834,31.6472,61.5738,58.2496,53.6844,36.5265,71.1791,47.3456,60.69,34.033,31.1272,52.3742,33.1584,33.1492,6.7817,20.41,7.0923
28/02/2018,306.81,47.9939,282.149,204.7593,48.9664,155.5844,32460.8,387.97,95.3822,39.9522,190.673,6.3868,66.3825,347.82,237.62,176.834,71.0961,68,9.4475,9.19,103.89,31.7456,8.2521,48.7627,1047.2,1317.9,87.324,130.839,76.5764,45.9495,41.6352,68.575,35.9469,33.3186,73.7179,28.02,5.5534,101.6239,252.34,33.3871,45.671,207.2,31.5082,12.857,32.738,24.4686,24.2313,42.8673,20.7024,126.3876,30.2841,26.518,15.46,69.5948,30.8306,30.0331,60.908,54.6696,51.5259,34.6453,63.5054,49.8344,58.89,31.752,29.2198,51.1384,30.5884,33.9007,6.2875,18.72,6.6176
30/03/2018,299.84,48.7791,269.684,214.7774,47.6253,148.3274,32599.4,356.39,90.9787,40.33,193.7664,6.8788,63.8402,348.54,241.18,192.794,71.4172,68.52,9.4684,6.92,99.34,33.4481,8.2146,52.505,943.8,1322.8,84.208,130.6268,75.2392,44.7607,43.6209,68.9191,36.7071,35.8512,72.2228,25.7,5.4583,102.2657,223.19,32.8612,45.918,199.48,32.9376,12.045,33.824,24.4502,23.9755,42.3018,19.9767,124.5447,30.4365,26.2985,15.41,72.8385,30.4599,29.8147,58.6377,54.4775,50.864,36.2429,61.5227,47.8782,58.51,31.825,29.6252,52.7305,30.2718,32.8644,5.9946,17.09,6.2659
30/04/2018,304.17,47.3173,247.254,224.1398,45.3915,147.3942,33331,339.61,96.0449,35.4362,185.5029,6.2638,68.218,429.94,282.27,197.758,75.0057,79.26,8.8214,7.13,96.51,33.9837,7.4578,52.8924,960.55,1319.2,90.45,136.9353,79.9147,47.7315,47.0361,65.373,36.011,36.8055,71.7524,25.12,5.8642,107.7797,250.9,32.5457,44.625,193.73,34.235,13.1056,32.813,25.5412,24.3544,39.87,20.1309,125.1274,30.5888,26.8424,15.38,72.9833,30.8592,31.0301,56.1966,55.6486,51.5883,34.3145,61.0607,45.3922,58.47,33.199,30.9337,57.2275,30.9702,32.5143,5.9672,17.98,6.3037
31/05/2018,295.77,52.5572,219.825,213.4674,45.9717,151.8199,33261.3,290.83,95.9562,35.6666,193.5747,4.977,69.7175,476.12,289.83,191.57,72.4724,92.62,7.0141,5.78,97.36,35.4184,5.9771,52.7098,988.9,1300.1,95.744,141.3339,80.5109,49.2516,47.479,63.5232,36.7516,37.6529,71.3184,20.88,5.5497,111.2933,242.56,31.8095,43.455,191.53,35.8131,12.8784,30.567,24.2302,24.6197,33.5737,20.4756,122.2519,29.8462,27.4245,15.46,69.6431,30.0796,30.2135,53.1153,54.2995,47.8805,34.6264,62.8413,46.6402,57.61,32.998,27.9113,55.436,28.4095,30.0539,5.0531,21.5,5.6714
29/06/2018,289.52,52.1434,243.269,217.0345,44.5986,159.4723,31136.1,298.93,98.8652,34.8945,194.874,4.419,72.67,470.19,278.27,184.219,74.9278,93.98,6.3057,4.68,97.68,33.582,5.2265,52.7098,950.9,1254.5,89.864,138.9127,79.2031,48.1918,48.414,64.3927,38.4226,37.4578,71.0448,19.55,6.0543,114.1252,243,31.9249,41.479,186.65,34.2253,12.1397,29.761,22.4298,23.292,30.7094,20.9099,123.0544,29.5133,27.4185,15.15,65.3664,29.1809,29.578,49.8682,53.6266,45.0098,34.0309,63.414,50.7703,56.27,32.605,27.3686,56.0039,28.6945,27.9227,4.9421,24.32,5.3317
31/07/2018,295.96,51.3093,248.4,220.5534,48.1282,155.3196,29319.5,342.91,104.5253,39.3327,210.6533,4.9058,71.302,443.35,291.59,186.241,78.6303,94.44,7.2865,6.07,112.67,37.427,6.2052,54.3594,931.9,1223.7,90.647,142.0574,82.7035,48.2092,48.0941,71.519,41.6397,38.6472,74.2465,18.2,6.2448,114.5001,247.18,34.0022,42.944,197.87,33.199,13.8821,31.536,22.8318,23.8212,34.59,21.1966,125.949,30.6838,28.0917,14.61,64.932,30.4754,30.741,53.0131,55.4515,47.141,35.7324,68.0292,53.5039,56.88,32.915,28.297,60.3411,29.848,29.2487,5.2441,23.94,5.7752
31/08/2018,289.06,50.2815,190.904,210.1895,48.0126,164.8144,31300.4,342.41,104.7817,41.6138,201.8433,4.4381,73.3801,455.02,294.52,211.649,79.2929,92.66,6.4494,4.99,116.19,37.0967,5.3326,54.6603,980.3,1201.6,76.863,136.4402,79.3954,42.7638,47.1345,70.7603,41.1499,38.088,75.7225,18.55,6.0307,118.1511,226.48,34.0708,41.326,208.72,32.0662,12.8602,31.03,22.2522,23.2343,31.0927,20.7989,118.5358,30.026,27.6974,13.65,64.9899,29.4242,30.0626,47.5377,53.8846,42.3702,35.8553,62.3745,56.2871,56.57,31.471,25.6728,58.0199,28.0989,28.2661,4.6812,22.91,5.6997
28/09/2018,289.62,46.7215,220.393,215.0677,46.0304,165.916,32891.3,340.47,106.675,42.1483,185.0796,4.3617,76.0639,448.9,297.2,207.209,79.7216,93.42,6.7984,5.48,117.67,38.2869,5.4439,52.8342,1072.8,1191.5,72.806,138.652,78.8761,45.426,47.3756,73.4455,42.8977,37.7776,76.3605,15.36,5.9518,121.3678,228.68,33.9924,41.087,214.11,31.9009,14.458,30.878,22.6916,23.013,32.3192,20.4567,120.4868,29.2037,27.6782,13.73,65.907,28.9473,30.4212,46.4807,53.9207,44.2961,35.6379,61.465,60.2041,58.53,31.987,26.2033,60.2405,27.9949,28.9265,4.6906,21.54,5.9322
31/10/2018,265.84,44.1446,200.695,217.6033,42.1636,155.057,27567.3,324.5,96.3506,36.3644,169.6645,4.1327,61.678,382.69,262.27,204.742,82.937,79.5,8.1574,5.92,111,37.5225,7.0561,50.9215,1068.5,1215,64.778,135.2168,75.8565,43.8857,44.2901,74.5537,42.9457,36.7337,70.0588,12.21,5.8748,105.8367,190.06,32.4344,37.488,205.28,29.0345,14.7113,28.864,20.7936,20.5597,38.4706,19.051,113.4136,26.8725,25.4951,13.41,56.2531,26.5237,27.5331,41.8196,49.6623,40.5909,31.3179,55.2857,53.732,53.29,29.821,23.7308,54.8236,26.1796,27.4071,4.5207,19.98,5.7693
30/11/2018,267.94,50.356,219.676,211.4139,45.5227,161.8448,30707.9,351.97,93.3036,35.8776,168.6703,4.0754,67.8271,373.35,246.41,192.852,82.9565,71.94,8.671,5.7,111.81,38.5287,7.6678,52.6263,1168.6,1220.2,62.01,141.275,74.8614,41.6331,46.4357,78.0231,43.5507,39.8479,70.4628,12.2,6.1884,102.3042,188.28,32.5422,39.326,218.24,26.9676,13.3473,28.692,21.4387,22.2049,38.1353,19.236,117.706,27.5012,25.6201,13.32,58.5218,26.1246,27.2133,45.779,49.3266,42.0769,31.4786,55.8632,52.4317,53.78,29.465,24.0529,52.0263,26.9454,27.0898,4.5018,21.54,5.2134
31/12/2018,255.41,51.4334,227.706,213.7084,44.9856,138.7171,27756.7,292.85,82.7919,35.2286,153.1863,3.819,65.1258,400.19,253.84,179.976,77.7534,70.48,8.5006,5.68,102.65,36.7484,7.7743,50.6488,1197.2,1281.3,57.81,138.7793,69.9289,43.1645,44.9397,73.1471,41.6877,36.3647,65.9038,12.18,6.5903,98.229,158.6,30.8862,37.953,204.18,25.6903,12.8505,28.918,21.0761,21.971,37.1664,18.4898,112.4737,25.5638,23.4285,14.52,57.602,24.6743,25.8197,44.6606,46.9364,40.5424,30.8413,53.9767,47.925,49.64,28.115,23.2315,49.4714,25.8379,25.6837,4.237,15.42,4.6672
31/01/2019,274.46,48.7671,243.727,234.0602,45.9132,151.0531,27846.5,364,98.8257,35.9062,172.2928,4.6861,71.7255,429.14,275.03,204.841,84.2231,77.5,9.9,6.5,111.92,35.3938,9.7678,50.9881,1299.9,1319.7,63.413,149.3981,74.6478,50.1003,47.4888,74.6048,41.7261,37.3068,73.9972,13.07,6.9084,102.0476,172.63,32.65,41.879,205.54,28.118,12.1198,29.88,22.4684,24.0736,44.1424,19.7769,119.3434,27.537,26.4499,15.05,63.3367,26.0759,27.4066,50.9901,50.0738,45.7412,32.4702,54.87,49.7515,53.16,30.165,25.1123,51.889,27.6106,29.1988,4.551,19.85,5.1559
28/02/2019,279.3,50.207,215.952,234.3591,47.7978,158.7558,32367.9,458.79,112.0196,37.2711,180.0102,4.4133,74.1295,470.93,296.9,210.761,88.0426,63.5,9.1423,5.48,122.3,41.154,9.0323,52.0188,1532,1316.1,67.059,152.8197,81.4834,51.8187,49.664,77.7673,39.9495,38.9779,75.9399,12.5,7.0542,105.7084,162.54,33.8748,41.238,201.3,30.9454,12.1587,29.685,22.3826,25.1736,41.8365,20.4396,117.2796,28.8103,27.2322,14.63,61.6241,26.5723,28.575,47.5288,51.657,44.1747,32.3824,54.59,47.6372,53.23,31.2,26.0527,53.9559,28.0152,27.451,4.6663,16.83,5.0026
29/03/2019,279.79,57.5504,234.073,231.3318,51.851,173.1578,34433.6,507.73,116.2597,39.0941,185.1092,4.1892,80.6566,501.44,322.36,214.017,92.4662,79.36,8.572,5.82,126.49,40.0158,8.5874,56.4066,1341.8,1293,54.984,161.5379,84.2021,56.4302,53.0645,84.5753,42.5232,40.3589,73.3852,12.56,7.509,113.9278,164.85,34.6587,41.704,200.89,30.8008,12.7238,29.083,22.6306,25.5144,39.8809,20.6701,116.4586,29.0533,27.0269,14.18,59.6473,26.2024,28.6918,46.3248,52.0505,42.2753,33.7284,53.75,42.1093,53.59,31.621,26.6668,53.4178,27.5624,26.6332,4.4454,15.68,4.8412
30/04/2019,286.39,56.9248,275.837,234.2346,48.5799,181.188,34508.5,484.14,121.88,41.8238,207.9174,4.5886,75.6869,516.94,347.11,225.759,98.05,85.04,8.42,7.83,120.76,37.2741,8.5619,59.4165,1382.7,1285.7,59.52,166.5042,89.3255,56.4782,55.095,82.23,41.995,39.7215,78.146,15.4,7.77,127.15,166.23,35.4721,42.685,216.71,33.4338,12.451,28.86,23.9752,25.7772,40.2701,20.9103,121.9648,30.8515,27.9167,14.02,60.166,28.0323,30.0743,50.1225,54.0894,41.8348,34.9574,60,50.2142,54.27,32.34,27.1466,53.437,28.8822,27.3389,4.8621,15.22,4.851
31/05/2019,269.6,61.6466,241.685,221.282,46.7858,176.6253,30709.1,570.52,114.86,36.603,187.2371,4.3548,72.8499,463.2,336.72,255.65,99.55,73.36,8.6672,7.04,110.28,36.997,8.8502,59.9861,1333.9,1305.8,52.55,165.9316,87.7775,55.5481,53.51,85.64,40.43,37.7682,73.6939,12.51,7.9773,123.08,110,35.2369,39.557,197.42,31.1486,12.149,28.772,21.7818,24.0055,40.523,20.9391,116.0245,28.82,26.7237,13.65,54.3823,26.2024,28.2342,46.794,51.0213,37.713,32.2653,56.76,47.8515,51.63,30.357,24.8916,49.4343,27.1096,24.1237,4.219,8.65,4.4891
28/06/2019,285.11,64.8998,248.646,226.3345,50.5921,183.271,33015.7,611.77,124.68,38.6137,207.0312,4.5497,81.4747,517.03,372.22,270.9,101.06,68.84,9.1776,7.6,115.61,40.857,9.2899,61.03,1537.6,1413.7,61.1,170.1376,89.3652,59.7767,56.89,91.31,43.27,39.1171,77.8616,11.68,8.411,136.8,117.36,37.56,42.013,213.17,32.5396,13.094,29.399,24.0132,25.6573,43.0787,22.0904,122.3496,30.7127,28.2402,14.33,58.5904,28.05,30.5841,49.6257,54.2632,40.7707,34.099,59.66,52.2279,53.94,31.752,27.3582,54.2864,28.2391,25.591,4.4626,9.23,4.6456
31/07/2019,281.2,57.49,224.391,215.5374,47.4995,191.0176,31517.9,621.42,128.06,42.0246,221.8469,5.1342,83.5339,466.73,373.22,288.2,105.7,74.76,8.9183,8.69,111.95,42.9652,8.6007,59.208,1524.4,1426.1,58.33,164.7665,92.5207,54.733,53.36,91.58,41.7,40.3486,78.137,9.71,8.4097,123.03,111.7,37.17,40.896,205.43,33.1457,12.6556,28.569,23.4979,24.6362,43.8473,21.963,127.3427,30.7027,28.0132,15.21,54.2159,26.82,29.7259,46.9116,52.8498,38.3859,34.4014,54.7,56.6841,53.71,30.986,26.8418,50.3456,26.8032,24.6403,4.1313,7.93,4.8608
30/08/2019,271.8,53.9,248.919,204.7897,52.11,196.5623,31403.1,594.6,125.34,42.0246,221.6477,4.423,87.7153,437.8,360.39,270.05,111,73.36,8.2141,9.2,107.7,45.03,7.6056,62.7057,1538.6,1523,67.61,171.28,98.7324,50.58,54.57,90.11,42.95,41.1146,74.0277,8.22,9.1771,119.15,104.47,37.47,39.349,203.41,33.404,10.7168,27.61,22.2049,22.6435,40.3888,21.2475,128.9018,30.4736,27.8159,17.15,52.1216,26.25,29.4266,43.4622,51.98,35.612,34.0405,49.91,56.7339,53.28,29.807,26.7226,48.5746,26.0999,23.4321,3.6539,6.9,4.7141
30/09/2019,277.99,57.05,259.833,206.0948,51.7,190.7895,33450,551.23,119.2,46.1521,247.3462,4.501,87.2366,464.79,362.63,284.95,108.28,66.34,8.3872,9.16,109.5,44.57,7.7529,59.6488,1647.5,1465.7,64.83,163.52,98.0576,52.09,55.902,86.9,46.33,42.2023,80.365,8.39,9.3577,117.87,102.76,37.7,40.015,208.02,34.36,11.204,27.54,22.5549,22.5047,41.5121,21.8061,134.49,31.2305,28.5164,15.92,55.1358,26.91,30.0752,43.0719,53.305,37.3581,35.4646,53.585,59.13,56.07,30.878,27.378,51.3096,27.1939,26.08,3.9169,6.88,5.08
31/10/2019,287.4,61.09,279.043,214.04,55.22,184.7059,34410,521.52,128.42,51.2658,260.8376,4.199,76.4953,507.19,380.38,276.9,105.32,52.94,9.0095,8.76,112.41,49.03,8.6114,60.11,1755.6,1514.8,69.36,163.87,99.8239,52.01,58.39,87.44,46.08,45.2874,80.66,12.08,9.0358,132.58,101.85,38.58,41.689,212.58,36.5,11.4378,27.807,23.634,23.5754,43.9458,22.0806,138.55,31.8479,28.398,16.92,57.6705,28.55,31.1628,45.0235,55.3533,34.4495,37.864,57.73,60.83,57.99,31.959,28.669,51.9312,27.9363,26.97,3.96,8.15,5.18
29/11/2019,289.57,61.75,307.801,211.19,56.15,200.3853,37440,580.58,133.4,52.7155,270.62,4.1015,81.7512,543.48,405.04,282.45,103.92,55.1,8.1247,8.56,117.88,48.48,7.7208,59.49,1815.6,1465.6,68.53,163.44,98.98,54.56,57.06,92.3,46.68,45.48,81.75,11.22,8.761,135.95,118.53,38.9,41.65,220.3,38.3,11.4573,27.234,23.4104,23.3374,41.8471,22.3746,140.21,32.4654,29.2368,15.92,57.2203,28.94,31.5919,44.9781,56.0692,29.9244,38.4785,64.44,63.48,58.73,32.352,28.6889,51.8424,27.7116,28.12,3.87,10.42,5.31
31/12/2019,301.67,63.37,306.64,213.13,57.88,209.7591,38490,571.94,130.48,58.1,295.94,4.66,83.62,581.75,414.2,289.8,104.78,61.58,9.1464,8.7,110.96,49.86,8.9455,57.17,1909.3,1523.1,72.81,168.42,99,59.36,58.87,94.69,50.2,46.99,79.2,12.93,9.0083,133.99,126.4,40.64,44.87,226.5,40.33,13.2,28.51,24.14,24.33,47.45,22.64,140.54,33.86,29.89,16.68,62.19,29.4,32.71,49.05,58.6,33.33,41.13,64.97,68,59.24,34.1,29.5,54.5657,28.92,28.31,4.14,9.8,5.43
16/01/2020,304.63,61.68,347.4,215.2,61.405,208.23,39270,658.1,133.4,58.38,299.65,4.455,89.43,605.1,431.9,314.6,104.9,64.3,8.2499,8.48,114.545,50.47,8.21,56.82,2183.8,1549.9,74.97,169.66,100.45,59.09,59.98,94.99,51.06,47.18,81.425,13.745,9.312,136.05,139.26,41.11,45.84,229.59,38.7,13.145,28.575,24.48,25.49,45.58,23.46,139.86,34,30.45,16.7435,63.83,29.745,32.785,48.37,58.715,33.5837,41.385,64.55,72.34,59.62,33.91,29.775,54.34,28.69,27.605,4.035,10.615,5.255
